date,temperature_2m_max,temperature_2m_min,precipitation_sum,rain_sum,wind_speed_10m_max,shortwave_radiation_sum,et0_fao_evapotranspiration,relative_humidity_2m_mean,province
2026-01-01,27.0,23.3,19.8,19.8,9.3,7.78,1.63,94,Kalimantan Selatan
2026-01-02,32.2,22.8,8.5,8.5,12.7,21.34,4.4,86,Kalimantan Selatan
2026-01-03,29.4,22.7,66.4,66.4,13.6,13.03,2.64,92,Kalimantan Selatan
2026-01-04,29.8,22.8,16.5,16.5,13.9,13.9,2.73,92,Kalimantan Selatan
2026-01-05,27.4,22.3,21.8,21.8,15.8,9.82,1.97,91,Kalimantan Selatan
2026-01-06,31.3,22.5,9.1,9.1,11.7,19.75,4.05,86,Kalimantan Selatan
2026-01-07,31.0,23.3,27.0,27.0,8.1,15.45,3.21,89,Kalimantan Selatan
2026-01-08,30.0,23.1,32.1,32.1,10.2,15.02,3.03,91,Kalimantan Selatan
2026-01-09,29.3,22.9,29.2,29.2,10.5,15.71,3.18,90,Kalimantan Selatan
2026-01-10,29.3,22.8,43.9,43.9,9.4,12.53,2.58,91,Kalimantan Selatan
2026-01-11,28.2,23.0,7.4,7.4,13.3,12.25,2.51,88,Kalimantan Selatan
2026-01-12,30.1,22.2,30.8,30.8,23.9,14.15,3.02,85,Kalimantan Selatan
2026-01-13,31.1,22.2,1.4,1.4,12.3,19.2,4.13,83,Kalimantan Selatan
2026-01-14,32.2,22.3,3.9,3.9,10.4,23.83,5.05,78,Kalimantan Selatan
2026-01-15,32.1,22.5,2.1,2.1,13.3,22.8,4.98,79,Kalimantan Selatan
2026-01-16,32.4,21.7,1.3,1.3,13.1,24.42,5.22,79,Kalimantan Selatan
2026-01-17,32.8,23.1,2.7,2.7,12.2,23.2,5.06,77,Kalimantan Selatan
2026-01-18,32.5,23.5,2.0,2.0,13.2,21.52,4.75,79,Kalimantan Selatan
2026-01-19,32.0,24.5,2.4,2.4,12.0,20.23,4.36,80,Kalimantan Selatan
2026-01-20,31.5,24.1,7.4,7.4,11.0,19.68,4.09,85,Kalimantan Selatan
2026-01-21,32.0,24.5,0.0,0.0,17.2,21.99,4.93,73,Kalimantan Selatan
2026-01-22,32.8,24.9,0.2,0.2,15.0,23.39,5.21,69,Kalimantan Selatan
2026-01-23,32.5,23.7,0.0,0.0,8.1,24.27,5.22,72,Kalimantan Selatan
2026-01-24,31.7,23.6,1.4,1.4,15.5,17.77,3.88,79,Kalimantan Selatan
2026-01-25,31.4,22.4,4.5,4.5,10.7,23.03,4.74,84,Kalimantan Selatan
2026-01-26,31.8,23.5,5.3,5.3,15.0,23.25,4.9,84,Kalimantan Selatan
2026-01-27,31.8,23.4,7.5,7.5,12.5,22.54,4.78,82,Kalimantan Selatan
2026-01-28,30.6,22.8,27.4,27.4,15.2,15.87,3.33,89,Kalimantan Selatan
2026-01-29,28.2,22.6,11.6,11.6,16.0,10.61,2.19,92,Kalimantan Selatan
2026-01-30,31.1,22.9,17.5,17.5,12.2,17.62,3.56,90,Kalimantan Selatan
2026-01-31,31.0,22.6,24.1,24.1,10.7,19.5,3.93,89,Kalimantan Selatan
2026-02-01,28.8,23.3,26.6,26.6,11.0,13.69,2.72,91,Kalimantan Selatan
2026-02-02,30.4,22.7,22.6,22.6,8.9,16.35,3.28,92,Kalimantan Selatan
2026-02-03,31.1,23.1,16.0,16.0,10.0,19.83,4.01,88,Kalimantan Selatan
2026-02-04,26.8,22.5,45.3,45.3,10.2,6.3,1.32,95,Kalimantan Selatan
2026-02-05,31.5,22.5,14.2,14.2,10.6,21.8,4.37,87,Kalimantan Selatan
2026-02-06,27.0,23.2,3.6,3.6,7.2,10.03,2.07,89,Kalimantan Selatan
2026-02-07,31.5,22.5,2.1,2.1,11.9,20.52,4.35,84,Kalimantan Selatan
2026-02-08,31.0,22.8,12.7,12.7,12.5,18.65,3.74,89,Kalimantan Selatan
2026-02-09,31.7,22.9,11.8,11.8,11.7,18.79,3.94,88,Kalimantan Selatan
2026-02-10,28.1,22.9,39.5,39.5,10.7,11.07,2.29,93,Kalimantan Selatan
2026-02-11,29.6,22.5,1.8,1.8,6.9,15.05,3.09,86,Kalimantan Selatan
2026-02-12,28.5,23.2,8.7,8.7,9.4,14.65,2.98,87,Kalimantan Selatan
2026-02-13,28.3,22.4,23.4,23.4,17.6,12.54,2.52,90,Kalimantan Selatan
2026-02-14,31.9,22.4,1.8,1.8,10.8,23.43,5.05,78,Kalimantan Selatan
2026-02-15,32.0,23.8,10.4,10.4,11.4,20.48,4.28,84,Kalimantan Selatan
2026-02-16,31.4,22.9,7.4,7.4,13.1,21.49,4.42,87,Kalimantan Selatan
2026-02-17,29.8,23.1,11.4,11.4,12.7,17.82,3.52,91,Kalimantan Selatan
2026-02-18,30.8,23.4,27.8,27.8,10.9,17.81,3.49,93,Kalimantan Selatan
2026-02-19,29.2,23.0,12.0,12.0,8.9,13.63,2.83,88,Kalimantan Selatan
2026-02-20,30.9,22.6,17.8,17.8,11.1,19.22,3.83,90,Kalimantan Selatan
2026-02-21,27.6,22.6,9.5,9.5,9.4,6.65,1.44,94,Kalimantan Selatan
2026-02-22,31.2,22.8,5.4,5.4,9.8,17.59,3.84,82,Kalimantan Selatan
2026-02-23,29.6,22.2,22.7,22.7,13.8,16.2,3.27,90,Kalimantan Selatan
2026-02-24,28.6,22.7,14.6,14.6,12.5,13.24,2.68,91,Kalimantan Selatan
2026-02-25,28.7,22.4,9.8,9.8,7.6,12.99,2.7,89,Kalimantan Selatan
2026-02-26,31.5,22.7,20.1,20.1,11.9,20.75,4.26,84,Kalimantan Selatan
2026-02-27,31.9,23.2,0.8,0.8,15.6,23.85,5.13,77,Kalimantan Selatan
2026-02-28,31.3,22.6,3.8,3.8,10.6,14.46,3.22,84,Kalimantan Selatan
2026-03-01,32.3,23.7,7.5,7.5,9.7,21.73,4.66,80,Kalimantan Selatan
2026-03-02,32.6,23.6,10.0,10.0,10.0,23.19,4.9,80,Kalimantan Selatan
2026-03-03,32.0,24.0,10.4,10.4,14.0,21.15,4.55,82,Kalimantan Selatan
2026-03-04,30.4,23.1,14.2,14.2,9.9,15.94,3.28,89,Kalimantan Selatan
2026-03-05,31.9,22.8,10.6,10.6,11.3,19.53,4.18,83,Kalimantan Selatan
2026-03-06,31.1,23.0,17.0,17.0,13.5,21.29,4.36,89,Kalimantan Selatan
2026-03-07,30.9,22.7,34.4,34.4,17.1,18.84,3.86,89,Kalimantan Selatan
2026-03-08,30.2,22.8,20.6,20.6,9.7,18.98,3.84,90,Kalimantan Selatan
2026-03-09,30.8,22.7,10.8,10.8,10.2,21.07,4.21,89,Kalimantan Selatan
2026-03-10,30.0,22.7,12.5,12.5,17.4,16.86,3.35,90,Kalimantan Selatan
2026-03-11,28.4,22.2,20.0,20.0,14.9,14.19,2.84,89,Kalimantan Selatan
2026-03-12,31.7,22.7,2.6,2.6,12.7,22.71,4.82,81,Kalimantan Selatan
2026-03-13,32.0,23.4,1.7,1.7,12.5,23.32,4.99,78,Kalimantan Selatan
2026-03-14,30.4,22.4,12.4,12.4,10.4,19.36,3.92,87,Kalimantan Selatan
2026-03-15,30.3,23.2,7.0,7.0,8.7,17.39,3.48,89,Kalimantan Selatan
2026-03-16,30.0,22.5,14.4,14.4,10.2,16.58,3.35,92,Kalimantan Selatan
2026-03-17,30.8,22.4,6.8,6.8,10.7,20.58,4.16,89,Kalimantan Selatan
2026-03-18,30.7,22.6,21.4,21.4,11.5,19.44,3.95,88,Kalimantan Selatan
2026-03-19,28.1,23.1,17.4,17.4,10.9,13.17,2.56,94,Kalimantan Selatan
2026-03-20,29.5,22.5,24.1,24.1,13.0,15.02,3.01,92,Kalimantan Selatan
2026-03-21,30.8,22.6,5.1,5.1,13.6,20.37,4.04,89,Kalimantan Selatan
2026-03-22,29.4,22.7,22.2,22.2,12.6,15.45,3.07,92,Kalimantan Selatan
2026-03-23,30.8,22.5,2.8,2.8,11.8,20.7,4.2,88,Kalimantan Selatan
2026-03-24,31.6,23.1,10.1,10.1,14.5,22.84,4.75,84,Kalimantan Selatan
2026-03-25,32.1,23.1,0.2,0.2,12.5,24.6,5.22,80,Kalimantan Selatan
2026-03-26,32.5,23.0,4.8,4.8,15.8,24.49,5.15,81,Kalimantan Selatan
2026-03-27,32.3,23.1,11.1,11.1,13.3,22.04,4.61,87,Kalimantan Selatan
2026-03-28,30.6,23.3,9.6,9.6,13.3,18.39,3.69,90,Kalimantan Selatan
2026-03-29,31.6,23.1,4.0,4.0,10.3,22.67,4.63,86,Kalimantan Selatan
2026-03-30,30.1,23.4,6.3,6.3,11.5,19.01,3.69,90,Kalimantan Selatan
2026-03-31,30.6,23.0,17.6,17.6,8.0,19.6,3.97,89,Kalimantan Selatan
2026-04-01,32.0,23.0,9.0,9.0,13.1,21.21,4.35,88,Kalimantan Selatan
2026-04-02,30.9,23.5,18.5,18.5,12.6,16.33,3.25,92,Kalimantan Selatan
2026-04-03,30.1,22.8,0.1,0.1,6.9,17.34,3.62,85,Kalimantan Selatan
2026-04-04,32.3,22.3,1.3,1.3,10.8,24.12,5.14,79,Kalimantan Selatan
2026-04-05,32.0,23.3,23.4,23.4,12.4,21.07,4.34,87,Kalimantan Selatan
2026-04-06,30.7,23.0,20.4,20.4,11.8,20.6,4.12,89,Kalimantan Selatan
2026-04-07,29.9,23.3,29.7,29.7,9.7,16.84,3.42,93,Kalimantan Selatan
2026-04-08,31.2,22.7,23.0,23.0,11.5,19.97,4.12,88,Kalimantan Selatan
2026-04-09,31.9,23.1,16.8,16.8,10.8,19.78,4.17,86,Kalimantan Selatan
2026-04-10,30.4,23.7,25.0,25.0,8.8,18.12,3.66,90,Kalimantan Selatan
2026-04-11,31.7,23.2,11.7,11.7,8.5,20.69,4.24,89,Kalimantan Selatan
2026-04-12,31.9,23.7,11.6,11.6,7.6,20.76,4.26,88,Kalimantan Selatan
2026-04-13,30.9,23.2,3.6,3.6,12.8,20.18,4.14,87,Kalimantan Selatan
2026-04-14,31.6,23.5,4.1,4.1,11.6,21.52,4.41,86,Kalimantan Selatan
2026-04-15,29.6,23.7,3.3,3.3,8.9,15.42,3.07,92,Kalimantan Selatan
2026-04-16,30.7,23.1,12.2,12.2,15.1,19.15,3.89,88,Kalimantan Selatan
2026-04-17,31.7,22.6,5.3,5.3,14.7,23.02,4.75,86,Kalimantan Selatan
2026-04-18,30.9,23.4,7.6,7.6,10.8,20.87,4.2,88,Kalimantan Selatan
2026-04-19,30.7,24.1,2.0,2.0,8.7,19.32,3.93,89,Kalimantan Selatan
2026-04-20,31.9,22.7,6.6,6.6,10.3,21.92,4.47,87,Kalimantan Selatan
2026-04-21,31.6,23.2,15.7,15.7,12.8,21.69,4.42,85,Kalimantan Selatan
2026-04-22,29.7,23.3,6.2,6.2,10.8,16.73,3.26,92,Kalimantan Selatan
2026-04-23,31.4,23.1,5.6,5.6,8.6,18.56,3.82,86,Kalimantan Selatan
2026-04-24,33.1,23.1,0.3,0.3,11.2,23.36,4.96,82,Kalimantan Selatan
2026-04-25,33.0,24.1,0.1,0.1,11.8,22.32,4.74,83,Kalimantan Selatan
2026-04-26,32.4,23.9,3.9,3.9,8.6,20.2,4.32,82,Kalimantan Selatan
2026-04-27,29.4,23.7,19.4,19.4,10.8,15.74,3.07,93,Kalimantan Selatan
2026-04-28,31.8,23.4,4.4,4.4,7.1,21.02,4.36,84,Kalimantan Selatan
2026-04-29,31.5,24.1,7.2,7.2,10.4,19.02,3.93,87,Kalimantan Selatan
2026-04-30,31.3,23.6,9.8,9.8,12.5,15.56,3.23,90,Kalimantan Selatan
2026-05-01,29.8,23.2,18.5,18.5,9.2,13.77,2.85,89,Kalimantan Selatan
2026-05-02,31.8,23.3,3.6,3.6,7.7,20.11,4.15,86,Kalimantan Selatan
2026-05-03,30.6,23.5,20.0,20.0,8.3,16.74,3.36,91,Kalimantan Selatan
2026-05-04,31.8,23.1,9.6,9.6,12.5,19.0,3.93,87,Kalimantan Selatan
2026-05-05,30.7,23.4,6.9,6.9,13.3,18.57,3.73,88,Kalimantan Selatan
2026-05-06,32.6,23.1,4.0,4.0,6.0,19.45,4.04,86,Kalimantan Selatan
2026-05-07,30.6,23.8,13.1,13.1,10.8,16.77,3.38,91,Kalimantan Selatan
2026-05-08,30.8,24.2,9.3,9.3,10.5,18.41,3.73,89,Kalimantan Selatan
2026-05-09,30.6,24.3,15.0,15.0,8.2,14.48,2.96,91,Kalimantan Selatan
2026-05-10,31.1,23.8,10.5,10.5,6.9,16.42,3.32,91,Kalimantan Selatan
2026-05-11,31.9,23.2,9.2,9.2,8.6,18.46,3.74,90,Kalimantan Selatan
2026-05-12,30.9,24.0,14.3,14.3,9.3,16.74,3.43,89,Kalimantan Selatan
2026-05-13,29.9,24.0,7.0,7.0,6.0,15.98,3.22,92,Kalimantan Selatan
2026-05-14,30.3,24.5,12.7,12.7,8.6,16.66,3.31,93,Kalimantan Selatan
2026-05-15,29.0,24.1,13.3,13.3,9.4,11.51,2.29,95,Kalimantan Selatan
2026-05-16,32.0,24.5,16.5,16.5,9.6,18.01,3.68,89,Kalimantan Selatan
2026-05-17,29.5,23.6,49.2,49.2,9.9,13.59,2.69,94,Kalimantan Selatan
2026-05-18,30.2,23.8,12.4,12.4,6.8,14.48,2.99,90,Kalimantan Selatan
2026-05-19,32.0,23.4,8.6,8.6,10.3,19.78,4.06,88,Kalimantan Selatan
2026-05-20,31.4,24.5,1.5,1.5,10.4,16.21,3.37,88,Kalimantan Selatan
2026-05-21,33.5,23.6,0.0,0.0,6.4,22.2,4.68,79,Kalimantan Selatan
2026-05-22,32.5,24.1,2.7,2.7,9.6,19.5,4.06,85,Kalimantan Selatan
2026-05-23,31.7,24.1,0.6,0.6,7.8,19.49,4.05,82,Kalimantan Selatan
2026-05-24,31.9,23.9,3.0,3.0,11.6,18.98,3.82,88,Kalimantan Selatan
2026-05-25,32.9,23.0,5.0,5.0,11.5,20.77,4.38,85,Kalimantan Selatan
2026-05-26,30.8,23.3,9.0,9.0,14.4,19.92,3.9,91,Kalimantan Selatan
2026-05-27,31.9,23.3,2.0,2.0,9.8,19.28,4.0,83,Kalimantan Selatan
2026-05-28,32.4,23.9,1.4,1.4,8.5,16.84,3.56,86,Kalimantan Selatan
2026-05-29,31.6,23.9,8.3,8.3,8.7,17.75,3.62,89,Kalimantan Selatan
2026-05-30,30.1,23.5,5.3,5.3,8.6,16.21,3.33,90,Kalimantan Selatan
2026-05-31,32.6,22.9,1.5,1.5,6.7,20.4,4.26,82,Kalimantan Selatan
2026-06-01,32.8,24.4,3.0,3.0,10.6,20.56,4.44,81,Kalimantan Selatan
2026-06-02,31.9,24.4,11.3,11.3,10.1,18.76,3.87,87,Kalimantan Selatan
2026-06-03,32.0,23.6,10.6,10.6,9.9,18.36,3.78,86,Kalimantan Selatan
2026-06-04,32.4,24.0,1.3,1.3,12.1,16.2,3.54,82,Kalimantan Selatan
2026-06-05,32.2,24.1,3.0,3.0,11.0,19.92,4.19,84,Kalimantan Selatan
2026-06-06,33.0,24.2,1.9,1.9,13.0,20.69,4.59,79,Kalimantan Selatan
2026-06-07,32.5,25.9,1.3,1.3,12.3,19.89,4.54,76,Kalimantan Selatan
2026-06-08,31.6,23.8,16.5,16.5,10.4,17.25,3.69,82,Kalimantan Selatan
2026-06-09,32.5,23.2,1.5,1.5,10.2,20.49,4.31,84,Kalimantan Selatan
2026-06-10,31.1,24.3,7.1,7.1,8.9,18.55,3.84,84,Kalimantan Selatan
2026-06-11,29.5,23.7,13.4,13.4,10.6,14.58,2.88,91,Kalimantan Selatan
2026-06-12,26.7,23.4,9.8,9.8,8.9,9.58,1.85,95,Kalimantan Selatan
2026-06-13,32.0,22.8,4.4,4.4,9.5,18.27,3.7,88,Kalimantan Selatan
2026-06-14,30.2,23.0,1.1,1.1,14.0,16.8,3.57,86,Kalimantan Selatan
2026-06-15,31.7,24.4,2.3,2.3,11.9,19.37,4.3,79,Kalimantan Selatan
2026-06-16,28.5,23.7,9.5,9.5,9.8,14.93,2.92,91,Kalimantan Selatan
2026-06-17,30.4,23.1,1.7,1.7,7.6,18.24,3.67,88,Kalimantan Selatan
2026-06-18,31.8,23.0,5.7,5.7,9.6,20.22,4.13,86,Kalimantan Selatan
2026-06-19,31.6,23.0,1.4,1.4,8.0,18.99,3.79,88,Kalimantan Selatan
2026-06-20,32.6,23.3,1.0,1.0,12.4,20.55,4.58,77,Kalimantan Selatan
2026-06-21,32.2,24.0,0.7,0.7,9.3,21.07,4.48,77,Kalimantan Selatan
2026-06-22,33.3,22.1,0.0,0.0,10.1,21.81,4.83,73,Kalimantan Selatan
2026-06-23,32.5,22.1,0.5,0.5,10.2,20.39,4.26,78,Kalimantan Selatan
2026-06-24,33.0,23.0,0.7,0.7,14.5,20.66,4.56,76,Kalimantan Selatan
2026-06-25,32.8,22.8,1.0,1.0,13.3,20.48,4.41,77,Kalimantan Selatan
2026-06-26,32.6,24.7,3.1,3.1,10.3,20.28,4.39,78,Kalimantan Selatan
2026-06-27,33.1,24.0,0.7,0.7,13.9,19.86,4.42,77,Kalimantan Selatan
2026-06-28,31.8,23.7,3.2,3.2,14.8,20.11,4.25,81,Kalimantan Selatan
2026-06-29,32.2,23.2,0.8,0.8,14.9,19.86,4.5,80,Kalimantan Selatan
2026-06-30,31.4,24.3,17.6,17.6,12.2,17.43,3.66,85,Kalimantan Selatan
2026-07-01,31.2,23.1,0.9,0.9,13.0,18.98,4.03,82,Kalimantan Selatan
2026-07-02,32.2,23.8,1.6,1.6,10.4,19.57,4.25,77,Kalimantan Selatan
2026-07-03,31.4,23.3,10.7,10.7,6.0,18.42,3.76,86,Kalimantan Selatan
2026-07-04,31.2,23.7,5.3,5.3,12.1,20.82,4.28,87,Kalimantan Selatan
2026-07-05,33.3,22.8,0.5,0.5,13.6,21.15,4.77,75,Kalimantan Selatan
2026-07-06,32.9,23.7,0.0,0.0,17.8,20.89,4.8,71,Kalimantan Selatan
2026-07-07,32.6,23.8,0.4,0.4,17.0,21.69,5.16,71,Kalimantan Selatan
2026-07-08,32.4,22.7,0.0,0.0,13.4,21.5,5.1,70,Kalimantan Selatan
2026-07-09,32.5,22.2,0.0,0.0,15.5,20.82,4.95,69,Kalimantan Selatan
2026-07-10,31.8,23.5,0.3,0.3,16.6,20.39,5.01,69,Kalimantan Selatan
2026-07-11,32.5,23.0,0.2,0.2,16.9,20.3,4.83,70,Kalimantan Selatan
2026-07-12,33.3,23.2,0.2,0.2,15.1,21.64,4.98,70,Kalimantan Selatan
2026-07-13,33.3,23.2,0.1,0.1,18.7,21.83,5.17,69,Kalimantan Selatan
2026-07-14,33.6,22.4,0.0,0.0,13.6,22.42,5.15,66,Kalimantan Selatan
2026-07-15,33.3,22.2,0.3,0.3,15.5,22.14,5.09,68,Kalimantan Selatan
2026-07-16,33.5,23.6,0.9,0.9,14.3,21.92,5.05,71,Kalimantan Selatan
2026-07-17,34.1,23.5,0.0,0.0,13.5,21.93,5.13,71,Kalimantan Selatan
2026-07-18,33.9,23.0,0.7,0.7,14.3,21.37,4.92,70,Kalimantan Selatan
2026-07-19,33.7,22.8,0.0,0.0,14.2,22.13,5.22,69,Kalimantan Selatan
2026-07-20,33.6,23.5,0.0,0.0,15.3,22.57,5.45,67,Kalimantan Selatan
2026-07-21,34.1,25.1,0.0,0.0,16.5,22.32,5.65,65,Kalimantan Selatan
2026-07-22,33.0,23.8,0.4,0.4,16.9,20.3,4.98,68,Kalimantan Selatan
2026-07-23,32.7,24.6,0.1,0.1,16.2,20.71,5.31,68,Kalimantan Selatan
2026-07-24,32.4,24.0,0.4,0.4,18.8,21.34,5.49,66,Kalimantan Selatan
2026-07-25,32.3,23.8,2.1,2.1,19.1,21.31,5.22,68,Kalimantan Selatan
2026-07-26,33.6,23.1,0.0,0.0,16.1,22.59,5.38,68,Kalimantan Selatan
2026-07-27,33.2,24.2,7.0,7.0,12.8,20.57,4.45,79,Kalimantan Selatan
2026-07-28,32.6,24.5,2.1,2.1,14.2,19.68,4.6,78,Kalimantan Selatan
2026-07-29,33.9,24.4,3.8,3.8,11.0,19.49,4.33,77,Kalimantan Selatan
2026-07-30,34.4,24.2,1.7,1.7,12.1,20.99,4.73,75,Kalimantan Selatan
2026-07-31,34.6,24.2,0.1,0.1,16.3,22.55,5.53,69,Kalimantan Selatan
2026-08-01,34.4,23.8,0.3,0.3,16.6,22.43,5.33,67,Kalimantan Selatan
2026-08-02,34.2,23.5,0.3,0.3,15.6,22.42,5.27,65,Kalimantan Selatan
2026-08-03,34.5,21.9,0.0,0.0,14.9,23.04,5.55,64,Kalimantan Selatan
2026-08-04,33.7,22.3,0.0,0.0,17.7,22.78,5.27,67,Kalimantan Selatan
2026-08-05,34.5,22.5,0.0,0.0,17.4,22.82,5.37,65,Kalimantan Selatan
2026-08-06,34.6,23.4,0.0,0.0,16.4,22.41,5.35,65,Kalimantan Selatan
2026-08-07,33.9,24.4,0.0,0.0,16.4,23.66,5.9,62,Kalimantan Selatan
2026-08-08,34.4,23.6,0.0,0.0,17.8,22.71,5.47,65,Kalimantan Selatan
2026-08-09,33.3,23.7,0.0,0.0,15.1,22.62,5.77,64,Kalimantan Selatan
2026-08-10,33.5,23.3,0.0,0.0,16.0,22.72,5.3,65,Kalimantan Selatan
2026-08-11,34.3,22.7,0.0,0.0,17.1,23.67,5.58,64,Kalimantan Selatan
2026-08-12,33.4,23.6,0.0,0.0,18.2,23.01,5.35,67,Kalimantan Selatan
2026-08-13,34.4,24.3,0.5,0.5,18.6,22.14,5.56,67,Kalimantan Selatan
2026-08-14,34.1,24.4,0.8,0.8,18.7,21.95,5.3,68,Kalimantan Selatan
2026-08-15,34.6,24.6,0.2,0.2,16.9,22.51,5.65,65,Kalimantan Selatan
2026-08-16,34.7,23.6,0.0,0.0,15.6,22.57,5.47,66,Kalimantan Selatan
2026-08-17,35.5,23.1,0.0,0.0,18.8,23.59,5.75,66,Kalimantan Selatan
2026-08-18,35.6,23.1,0.0,0.0,16.6,24.09,5.94,63,Kalimantan Selatan
2026-08-19,35.1,21.6,0.0,0.0,15.3,24.13,5.7,53,Kalimantan Selatan
2026-08-20,34.5,23.1,0.0,0.0,19.0,23.03,5.66,64,Kalimantan Selatan
2026-08-21,34.8,23.2,0.0,0.0,15.5,23.81,5.8,60,Kalimantan Selatan
2026-08-22,35.4,23.6,0.0,0.0,18.6,23.2,5.62,60,Kalimantan Selatan
2026-08-23,34.9,23.9,0.2,0.2,18.3,23.23,5.7,65,Kalimantan Selatan
2026-08-24,35.1,25.1,0.0,0.0,18.5,23.03,6.22,62,Kalimantan Selatan
2026-08-25,34.5,24.2,0.0,0.0,20.4,23.99,6.63,59,Kalimantan Selatan
2026-08-26,34.6,22.3,0.0,0.0,19.1,24.44,6.24,60,Kalimantan Selatan
2026-08-27,34.9,22.0,0.0,0.0,20.4,22.8,5.93,61,Kalimantan Selatan
2026-08-28,34.7,20.8,0.0,0.0,18.1,23.92,6.26,60,Kalimantan Selatan
2026-08-29,35.9,20.0,0.0,0.0,19.0,24.72,5.99,58,Kalimantan Selatan
2026-08-30,35.8,22.3,0.0,0.0,18.1,23.66,5.77,62,Kalimantan Selatan
2026-01-01,31.9,23.8,27.7,27.7,10.3,16.89,3.48,88,Kalimantan Utara
2026-01-02,32.9,23.7,18.0,18.0,9.7,18.93,4.02,82,Kalimantan Utara
2026-01-03,30.6,24.0,20.5,20.5,8.5,12.18,2.51,90,Kalimantan Utara
2026-01-04,31.7,24.0,33.6,33.6,9.7,18.1,3.75,86,Kalimantan Utara
2026-01-05,31.2,23.6,22.8,22.8,10.3,13.19,2.79,88,Kalimantan Utara
2026-01-06,29.5,23.7,20.0,20.0,8.2,9.24,2.03,89,Kalimantan Utara
2026-01-07,29.6,22.7,20.0,20.0,9.0,14.34,3.01,86,Kalimantan Utara
2026-01-08,31.4,23.6,15.1,15.1,11.8,18.77,3.95,83,Kalimantan Utara
2026-01-09,31.3,23.7,3.8,3.8,9.7,17.69,3.71,86,Kalimantan Utara
2026-01-10,31.8,24.1,1.2,1.2,11.6,20.53,4.48,79,Kalimantan Utara
2026-01-11,32.3,23.5,2.4,2.4,10.6,20.16,4.33,78,Kalimantan Utara
2026-01-12,32.0,24.5,5.3,5.3,16.3,17.98,3.98,76,Kalimantan Utara
2026-01-13,32.3,23.8,5.1,5.1,12.4,21.24,4.58,80,Kalimantan Utara
2026-01-14,32.9,23.6,9.2,9.2,13.4,22.92,4.96,80,Kalimantan Utara
2026-01-15,33.1,24.0,15.0,15.0,9.6,21.99,4.68,82,Kalimantan Utara
2026-01-16,33.1,23.6,15.4,15.4,13.0,22.44,4.83,80,Kalimantan Utara
2026-01-17,33.9,24.3,0.9,0.9,12.9,22.18,4.89,78,Kalimantan Utara
2026-01-18,31.7,24.3,5.6,5.6,11.2,21.15,4.55,80,Kalimantan Utara
2026-01-19,31.3,23.6,13.0,13.0,9.8,19.18,4.06,83,Kalimantan Utara
2026-01-20,32.1,23.5,4.0,4.0,11.5,21.57,4.59,81,Kalimantan Utara
2026-01-21,32.2,24.2,2.2,2.2,10.4,21.58,4.68,77,Kalimantan Utara
2026-01-22,32.8,24.2,0.3,0.3,14.9,22.56,5.24,72,Kalimantan Utara
2026-01-23,31.6,24.5,1.2,1.2,17.3,22.76,5.39,72,Kalimantan Utara
2026-01-24,31.4,25.3,0.0,0.0,14.3,22.05,5.19,70,Kalimantan Utara
2026-01-25,30.6,24.3,2.2,2.2,12.8,22.1,4.77,78,Kalimantan Utara
2026-01-26,30.6,24.3,2.5,2.5,13.3,19.22,4.22,80,Kalimantan Utara
2026-01-27,32.3,24.2,0.6,0.6,14.6,23.55,5.1,75,Kalimantan Utara
2026-01-28,33.6,24.4,17.4,17.4,15.3,23.27,5.03,80,Kalimantan Utara
2026-01-29,30.6,23.4,19.6,19.6,12.8,17.86,3.57,88,Kalimantan Utara
2026-01-30,28.5,23.6,13.7,13.7,9.4,14.53,2.92,89,Kalimantan Utara
2026-01-31,29.9,23.2,4.6,4.6,8.7,12.16,2.64,78,Kalimantan Utara
2026-02-01,31.9,24.1,7.0,7.0,14.0,22.15,4.93,75,Kalimantan Utara
2026-02-02,32.2,22.7,19.3,19.3,11.4,20.69,4.43,81,Kalimantan Utara
2026-02-03,32.0,22.3,6.6,6.6,14.5,23.41,5.1,79,Kalimantan Utara
2026-02-04,32.0,23.2,23.2,23.2,11.7,19.51,4.17,84,Kalimantan Utara
2026-02-05,29.5,23.6,3.8,3.8,8.6,13.05,2.74,84,Kalimantan Utara
2026-02-06,28.8,23.5,10.6,10.6,9.2,13.26,2.78,87,Kalimantan Utara
2026-02-07,30.9,24.1,8.1,8.1,7.9,18.04,3.78,84,Kalimantan Utara
2026-02-08,29.4,24.6,2.3,2.3,9.4,16.53,3.46,83,Kalimantan Utara
2026-02-09,31.0,23.8,3.1,3.1,12.1,22.45,4.84,79,Kalimantan Utara
2026-02-10,30.7,23.6,26.8,26.8,11.8,19.32,3.93,85,Kalimantan Utara
2026-02-11,31.2,24.3,2.1,2.1,12.5,20.24,4.29,79,Kalimantan Utara
2026-02-12,30.7,24.2,8.8,8.8,10.1,14.73,3.11,86,Kalimantan Utara
2026-02-13,30.9,24.2,5.8,5.8,12.0,20.33,4.26,80,Kalimantan Utara
2026-02-14,29.9,23.6,4.8,4.8,16.2,13.48,2.96,84,Kalimantan Utara
2026-02-15,31.3,24.3,1.2,1.2,13.3,22.26,4.77,77,Kalimantan Utara
2026-02-16,30.8,25.4,5.1,5.1,13.4,20.73,4.25,81,Kalimantan Utara
2026-02-17,31.9,25.1,2.6,2.6,13.6,23.89,5.22,77,Kalimantan Utara
2026-02-18,32.0,23.8,7.1,7.1,16.4,19.75,4.35,82,Kalimantan Utara
2026-02-19,28.4,24.0,27.7,27.7,12.1,12.26,2.48,91,Kalimantan Utara
2026-02-20,29.0,24.1,20.0,20.0,12.9,16.52,3.27,89,Kalimantan Utara
2026-02-21,29.9,24.1,6.1,6.1,8.1,14.47,2.99,88,Kalimantan Utara
2026-02-22,30.0,24.1,2.4,2.4,12.5,17.59,3.67,83,Kalimantan Utara
2026-02-23,31.6,23.7,13.5,13.5,10.3,21.6,4.54,79,Kalimantan Utara
2026-02-24,30.9,23.9,20.8,20.8,8.8,18.22,3.74,85,Kalimantan Utara
2026-02-25,31.4,23.9,6.9,6.9,8.4,19.61,4.1,83,Kalimantan Utara
2026-02-26,31.6,23.6,18.8,18.8,12.1,15.66,3.48,84,Kalimantan Utara
2026-02-27,32.0,23.8,11.8,11.8,14.4,19.45,4.09,84,Kalimantan Utara
2026-02-28,29.9,23.3,12.2,12.2,9.5,13.32,2.78,88,Kalimantan Utara
2026-03-01,31.4,24.0,1.9,1.9,12.0,22.3,4.72,80,Kalimantan Utara
2026-03-02,31.8,23.9,13.3,13.3,10.0,22.53,4.74,82,Kalimantan Utara
2026-03-03,28.7,22.9,9.5,9.5,12.7,12.78,2.55,91,Kalimantan Utara
2026-03-04,32.7,23.3,20.1,20.1,11.3,22.26,4.77,81,Kalimantan Utara
2026-03-05,30.0,22.7,13.3,13.3,8.5,13.32,2.87,85,Kalimantan Utara
2026-03-06,31.1,24.0,9.4,9.4,13.6,20.86,4.46,82,Kalimantan Utara
2026-03-07,26.7,23.0,13.9,13.9,9.4,8.97,1.79,94,Kalimantan Utara
2026-03-08,31.3,24.9,1.4,1.4,9.5,17.27,3.87,78,Kalimantan Utara
2026-03-09,32.3,23.9,1.2,1.2,13.0,20.24,4.53,78,Kalimantan Utara
2026-03-10,33.2,23.6,2.2,2.2,13.4,23.68,5.12,78,Kalimantan Utara
2026-03-11,31.0,23.6,12.0,12.0,10.9,18.74,3.97,83,Kalimantan Utara
2026-03-12,31.7,23.5,5.9,5.9,12.3,21.18,4.52,81,Kalimantan Utara
2026-03-13,31.1,24.0,4.6,4.6,11.8,17.09,3.6,85,Kalimantan Utara
2026-03-14,31.1,23.7,0.8,0.8,14.7,22.11,5.02,77,Kalimantan Utara
2026-03-15,30.9,24.0,5.7,5.7,14.1,20.21,4.54,76,Kalimantan Utara
2026-03-16,30.1,24.6,3.1,3.1,11.6,15.58,3.62,77,Kalimantan Utara
2026-03-17,30.3,24.0,7.3,7.3,11.7,21.05,4.4,81,Kalimantan Utara
2026-03-18,29.9,24.1,3.3,3.3,15.3,17.46,3.63,83,Kalimantan Utara
2026-03-19,30.4,24.4,1.5,1.5,10.6,18.27,3.91,81,Kalimantan Utara
2026-03-20,31.4,23.8,8.6,8.6,10.9,20.19,4.31,81,Kalimantan Utara
2026-03-21,30.9,23.3,5.8,5.8,13.7,23.18,4.95,78,Kalimantan Utara
2026-03-22,31.0,24.4,0.5,0.5,13.3,24.95,5.42,74,Kalimantan Utara
2026-03-23,31.7,24.0,3.6,3.6,14.4,22.54,4.82,79,Kalimantan Utara
2026-03-24,31.7,24.5,1.0,1.0,12.8,23.04,5.0,76,Kalimantan Utara
2026-03-25,32.1,24.1,2.8,2.8,13.2,24.49,5.31,76,Kalimantan Utara
2026-03-26,30.9,24.4,2.4,2.4,11.6,22.82,4.82,78,Kalimantan Utara
2026-03-27,32.1,24.7,0.5,0.5,14.4,24.15,5.16,79,Kalimantan Utara
2026-03-28,31.8,24.4,0.4,0.4,11.6,23.22,4.96,79,Kalimantan Utara
2026-03-29,32.0,24.1,1.1,1.1,10.6,22.89,4.95,77,Kalimantan Utara
2026-03-30,31.8,24.3,3.7,3.7,14.6,24.06,5.25,78,Kalimantan Utara
2026-03-31,29.6,24.0,10.0,10.0,12.3,17.48,3.53,86,Kalimantan Utara
2026-04-01,31.2,23.8,11.6,11.6,12.5,23.3,5.0,80,Kalimantan Utara
2026-04-02,29.9,24.0,5.1,5.1,9.3,18.59,3.76,87,Kalimantan Utara
2026-04-03,31.5,23.9,9.0,9.0,10.6,21.14,4.4,84,Kalimantan Utara
2026-04-04,30.7,25.0,2.9,2.9,12.5,17.3,3.66,83,Kalimantan Utara
2026-04-05,31.6,24.0,2.9,2.9,12.6,22.41,4.64,83,Kalimantan Utara
2026-04-06,32.0,24.9,3.3,3.3,12.0,22.52,4.77,81,Kalimantan Utara
2026-04-07,32.2,24.6,16.8,16.8,14.1,20.19,4.19,84,Kalimantan Utara
2026-04-08,32.9,24.1,15.9,15.9,11.8,22.94,4.79,82,Kalimantan Utara
2026-04-09,32.7,23.9,10.3,10.3,12.0,24.24,5.23,79,Kalimantan Utara
2026-04-10,32.3,24.3,14.8,14.8,11.1,21.48,4.47,83,Kalimantan Utara
2026-04-11,33.0,22.9,19.9,19.9,12.3,19.85,4.22,83,Kalimantan Utara
2026-04-12,32.6,24.2,16.6,16.6,10.4,20.89,4.37,83,Kalimantan Utara
2026-04-13,32.5,24.3,2.0,2.0,10.6,20.85,4.42,83,Kalimantan Utara
2026-04-14,32.1,25.0,2.8,2.8,12.5,19.2,4.24,80,Kalimantan Utara
2026-04-15,32.2,23.9,0.7,0.7,12.0,24.81,5.4,77,Kalimantan Utara
2026-04-16,31.7,23.5,1.9,1.9,12.2,20.24,4.35,80,Kalimantan Utara
2026-04-17,31.3,24.0,2.1,2.1,12.5,21.12,4.5,81,Kalimantan Utara
2026-04-18,31.0,24.4,0.8,0.8,12.1,21.97,4.64,79,Kalimantan Utara
2026-04-19,31.5,24.5,2.1,2.1,11.5,20.79,4.45,81,Kalimantan Utara
2026-04-20,31.9,24.0,3.0,3.0,10.4,20.87,4.39,81,Kalimantan Utara
2026-04-21,29.6,24.5,8.4,8.4,10.8,17.81,3.63,86,Kalimantan Utara
2026-04-22,29.8,24.7,17.6,17.6,11.3,15.81,3.26,87,Kalimantan Utara
2026-04-23,30.9,24.5,1.3,1.3,11.1,18.75,3.94,82,Kalimantan Utara
2026-04-24,32.1,24.7,0.5,0.5,13.8,24.9,5.33,78,Kalimantan Utara
2026-04-25,32.3,25.0,1.0,1.0,13.2,23.65,5.05,78,Kalimantan Utara
2026-04-26,32.7,24.7,0.3,0.3,12.0,24.54,5.43,76,Kalimantan Utara
2026-04-27,32.3,25.4,1.9,1.9,13.9,22.97,4.97,78,Kalimantan Utara
2026-04-28,31.8,23.9,1.0,1.0,11.9,21.8,4.71,81,Kalimantan Utara
2026-04-29,32.1,24.7,1.4,1.4,11.5,22.25,4.87,79,Kalimantan Utara
2026-04-30,32.1,25.1,3.4,3.4,14.0,23.85,5.22,77,Kalimantan Utara
2026-05-01,31.9,24.0,3.7,3.7,10.7,21.55,4.57,80,Kalimantan Utara
2026-05-02,32.4,24.9,2.3,2.3,12.4,23.14,5.12,76,Kalimantan Utara
2026-05-03,33.4,24.7,0.5,0.5,12.6,23.47,5.42,72,Kalimantan Utara
2026-05-04,32.6,23.3,17.7,17.7,14.6,21.57,4.67,79,Kalimantan Utara
2026-05-05,32.8,23.5,12.0,12.0,11.0,20.88,4.32,82,Kalimantan Utara
2026-05-06,32.0,24.6,7.8,7.8,13.2,20.13,4.18,83,Kalimantan Utara
2026-05-07,32.7,24.5,2.6,2.6,9.4,21.3,4.57,80,Kalimantan Utara
2026-05-08,32.5,24.9,1.7,1.7,10.9,20.16,4.32,80,Kalimantan Utara
2026-05-09,32.4,25.2,1.0,1.0,11.0,21.43,4.75,78,Kalimantan Utara
2026-05-10,32.9,24.7,1.2,1.2,10.1,20.63,4.59,79,Kalimantan Utara
2026-05-11,33.0,25.6,1.5,1.5,12.1,23.38,5.21,76,Kalimantan Utara
2026-05-12,33.5,25.5,6.4,6.4,13.3,21.71,4.77,79,Kalimantan Utara
2026-05-13,31.9,25.1,8.5,8.5,8.5,18.21,3.78,87,Kalimantan Utara
2026-05-14,32.9,25.1,8.6,8.6,13.8,20.04,4.36,81,Kalimantan Utara
2026-05-15,30.5,24.3,4.6,4.6,9.8,13.51,2.78,90,Kalimantan Utara
2026-05-16,32.3,25.2,7.3,7.3,9.4,21.2,4.53,79,Kalimantan Utara
2026-05-17,30.0,25.3,14.6,14.6,10.5,16.08,3.29,88,Kalimantan Utara
2026-05-18,32.7,25.2,3.5,3.5,12.3,22.4,4.76,80,Kalimantan Utara
2026-05-19,31.2,25.6,3.0,3.0,10.1,18.47,3.99,79,Kalimantan Utara
2026-05-20,32.9,24.9,3.1,3.1,11.2,17.89,3.91,83,Kalimantan Utara
2026-05-21,33.1,24.5,0.1,0.1,14.1,23.68,5.15,78,Kalimantan Utara
2026-05-22,33.2,25.4,2.9,2.9,10.8,21.34,4.75,77,Kalimantan Utara
2026-05-23,33.8,24.2,9.9,9.9,12.7,22.63,4.97,79,Kalimantan Utara
2026-05-24,31.9,24.0,22.9,22.9,9.6,18.68,3.92,86,Kalimantan Utara
2026-05-25,32.2,24.3,14.1,14.1,11.2,16.59,3.63,82,Kalimantan Utara
2026-05-26,32.3,24.4,67.5,67.5,10.5,19.84,4.04,88,Kalimantan Utara
2026-05-27,31.3,24.8,20.9,20.9,8.8,14.75,3.31,83,Kalimantan Utara
2026-05-28,31.8,25.2,1.9,1.9,11.2,16.82,3.78,81,Kalimantan Utara
2026-05-29,32.6,24.6,30.1,30.1,10.8,17.98,3.7,88,Kalimantan Utara
2026-05-30,32.6,25.0,3.1,3.1,10.7,17.26,3.85,81,Kalimantan Utara
2026-05-31,33.0,25.5,2.7,2.7,11.9,18.92,4.15,80,Kalimantan Utara
2026-06-01,33.1,25.1,7.1,7.1,10.9,16.86,3.83,82,Kalimantan Utara
2026-06-02,32.4,24.8,14.4,14.4,10.3,17.18,3.71,83,Kalimantan Utara
2026-06-03,33.0,24.3,19.9,19.9,10.1,21.66,4.46,85,Kalimantan Utara
2026-06-04,32.6,24.3,6.9,6.9,13.3,21.98,4.85,79,Kalimantan Utara
2026-06-05,34.0,25.1,2.5,2.5,13.7,22.65,5.08,77,Kalimantan Utara
2026-06-06,32.9,24.6,2.4,2.4,14.0,22.49,4.84,80,Kalimantan Utara
2026-06-07,33.3,25.5,2.3,2.3,13.9,22.49,4.96,79,Kalimantan Utara
2026-06-08,33.7,25.3,9.9,9.9,10.1,19.94,4.31,82,Kalimantan Utara
2026-06-09,34.3,24.2,16.6,16.6,13.0,21.18,4.6,82,Kalimantan Utara
2026-06-10,32.7,23.9,27.6,27.6,12.3,18.54,3.93,85,Kalimantan Utara
2026-06-11,32.8,24.1,12.1,12.1,12.8,20.42,4.39,80,Kalimantan Utara
2026-06-12,29.4,24.6,29.1,29.1,7.3,12.86,2.58,92,Kalimantan Utara
2026-06-13,30.3,24.9,12.9,12.9,10.6,17.85,3.58,86,Kalimantan Utara
2026-06-14,32.2,24.6,2.4,2.4,9.6,17.0,3.66,82,Kalimantan Utara
2026-06-15,31.9,24.8,10.9,10.9,10.6,19.62,4.11,84,Kalimantan Utara
2026-06-16,32.0,24.1,8.8,8.8,17.0,17.55,3.64,83,Kalimantan Utara
2026-06-17,32.8,23.4,7.0,7.0,12.9,21.39,4.57,81,Kalimantan Utara
2026-06-18,32.9,24.2,1.0,1.0,12.6,21.73,4.71,78,Kalimantan Utara
2026-06-19,33.4,24.6,8.0,8.0,10.9,20.76,4.44,81,Kalimantan Utara
2026-06-20,33.6,24.6,3.6,3.6,12.3,22.17,4.89,78,Kalimantan Utara
2026-06-21,33.4,23.6,13.4,13.4,11.8,20.29,4.36,83,Kalimantan Utara
2026-06-22,32.2,24.1,24.3,24.3,10.6,16.24,3.55,82,Kalimantan Utara
2026-06-23,32.4,23.9,1.0,1.0,8.2,18.92,4.02,81,Kalimantan Utara
2026-06-24,32.7,25.2,1.3,1.3,10.3,20.69,4.46,80,Kalimantan Utara
2026-06-25,32.8,24.0,6.0,6.0,14.7,21.49,4.69,80,Kalimantan Utara
2026-06-26,32.9,23.9,5.9,5.9,10.2,22.44,4.64,82,Kalimantan Utara
2026-06-27,32.5,24.0,11.9,11.9,13.0,21.52,4.68,81,Kalimantan Utara
2026-06-28,32.6,23.9,3.4,3.4,16.1,20.7,4.38,81,Kalimantan Utara
2026-06-29,33.8,23.8,1.7,1.7,9.5,21.25,4.62,79,Kalimantan Utara
2026-06-30,33.7,24.6,13.9,13.9,12.3,21.67,4.55,84,Kalimantan Utara
2026-07-01,30.7,23.9,7.1,7.1,11.6,14.48,3.09,86,Kalimantan Utara
2026-07-02,31.9,24.5,5.7,5.7,9.1,16.37,3.51,84,Kalimantan Utara
2026-07-03,32.3,23.6,9.2,9.2,10.5,18.77,3.94,83,Kalimantan Utara
2026-07-04,33.1,23.8,1.6,1.6,15.7,22.2,4.95,77,Kalimantan Utara
2026-07-05,32.7,23.3,5.0,5.0,15.2,22.45,4.92,77,Kalimantan Utara
2026-07-06,32.7,23.9,5.0,5.0,9.8,21.06,4.37,83,Kalimantan Utara
2026-07-07,28.3,23.8,39.6,39.6,13.1,11.46,2.31,94,Kalimantan Utara
2026-07-08,30.2,24.0,42.6,42.6,12.4,12.15,2.59,90,Kalimantan Utara
2026-07-09,33.2,24.4,4.3,4.3,13.3,19.72,4.45,79,Kalimantan Utara
2026-07-10,33.7,25.4,0.8,0.8,14.8,20.62,4.93,73,Kalimantan Utara
2026-07-11,34.2,25.2,0.6,0.6,13.6,20.96,4.92,74,Kalimantan Utara
2026-07-12,33.6,25.1,5.4,5.4,11.8,20.21,4.51,80,Kalimantan Utara
2026-07-13,32.2,24.1,3.6,3.6,9.2,17.04,3.59,86,Kalimantan Utara
2026-07-14,33.2,25.4,1.6,1.6,11.5,21.5,4.66,80,Kalimantan Utara
2026-07-15,32.4,24.9,5.2,5.2,13.0,21.52,4.67,80,Kalimantan Utara
2026-07-16,33.2,24.1,22.1,22.1,12.0,21.87,4.57,84,Kalimantan Utara
2026-07-17,31.5,24.0,8.7,8.7,9.0,19.49,4.06,84,Kalimantan Utara
2026-07-18,33.3,24.8,5.7,5.7,11.5,22.19,4.81,79,Kalimantan Utara
2026-07-19,30.3,23.9,9.2,9.2,7.4,18.32,3.66,89,Kalimantan Utara
2026-07-20,32.5,24.1,4.5,4.5,10.2,19.93,4.15,86,Kalimantan Utara
2026-07-21,31.1,23.9,4.2,4.2,10.1,14.99,3.19,86,Kalimantan Utara
2026-07-22,30.9,23.8,23.2,23.2,9.7,15.68,3.27,88,Kalimantan Utara
2026-07-23,32.6,23.3,7.4,7.4,12.8,20.39,4.16,87,Kalimantan Utara
2026-07-24,33.3,23.5,4.3,4.3,13.0,20.23,4.45,81,Kalimantan Utara
2026-07-25,32.8,25.1,1.5,1.5,11.5,19.75,4.51,77,Kalimantan Utara
2026-07-26,31.7,23.5,8.8,8.8,13.0,20.45,4.16,84,Kalimantan Utara
2026-07-27,30.0,23.5,4.6,4.6,10.9,12.42,2.75,86,Kalimantan Utara
2026-07-28,32.8,24.4,1.8,1.8,14.6,22.7,4.89,78,Kalimantan Utara
2026-07-29,30.1,22.7,30.7,30.7,10.9,19.43,3.83,90,Kalimantan Utara
2026-07-30,32.3,23.8,3.2,3.2,10.9,22.3,4.74,79,Kalimantan Utara
2026-07-31,31.6,24.0,2.6,2.6,11.8,22.18,4.78,79,Kalimantan Utara
2026-08-01,32.6,23.7,2.8,2.8,14.5,22.6,4.95,78,Kalimantan Utara
2026-08-02,32.4,25.3,3.3,3.3,15.3,22.33,4.87,78,Kalimantan Utara
2026-08-03,32.9,24.0,4.0,4.0,12.5,21.75,4.76,80,Kalimantan Utara
2026-08-04,33.0,23.5,4.1,4.1,13.3,22.99,5.13,78,Kalimantan Utara
2026-08-05,32.6,23.7,8.3,8.3,16.0,22.44,4.76,81,Kalimantan Utara
2026-08-06,33.4,23.6,4.1,4.1,12.7,22.47,4.92,80,Kalimantan Utara
2026-08-07,33.4,23.8,2.2,2.2,13.5,22.01,4.83,79,Kalimantan Utara
2026-08-08,33.3,24.5,3.2,3.2,10.8,21.64,4.83,77,Kalimantan Utara
2026-08-09,34.2,25.4,1.6,1.6,11.9,22.6,5.19,75,Kalimantan Utara
2026-08-10,33.9,25.0,1.5,1.5,13.4,22.81,5.35,71,Kalimantan Utara
2026-08-11,33.8,24.6,4.3,4.3,12.4,22.71,5.11,77,Kalimantan Utara
2026-08-12,33.3,24.7,3.2,3.2,12.9,22.77,4.95,82,Kalimantan Utara
2026-08-13,34.4,25.9,2.1,2.1,15.1,22.33,5.06,79,Kalimantan Utara
2026-08-14,33.0,25.8,3.1,3.1,12.6,22.65,5.02,80,Kalimantan Utara
2026-08-15,33.5,23.6,6.7,6.7,14.7,22.18,4.8,82,Kalimantan Utara
2026-08-16,33.1,24.1,5.0,5.0,12.1,22.31,4.81,79,Kalimantan Utara
2026-08-17,33.7,25.1,1.2,1.2,10.0,21.41,4.64,81,Kalimantan Utara
2026-08-18,34.5,25.5,1.6,1.6,14.1,22.99,5.25,77,Kalimantan Utara
2026-08-19,32.3,25.4,3.2,3.2,12.2,22.89,5.04,77,Kalimantan Utara
2026-08-20,33.3,23.9,8.7,8.7,14.5,23.26,5.04,80,Kalimantan Utara
2026-08-21,32.4,23.7,2.5,2.5,12.1,22.85,4.87,82,Kalimantan Utara
2026-08-22,32.6,25.5,2.8,2.8,11.3,22.33,4.87,79,Kalimantan Utara
2026-08-23,33.3,24.0,12.1,12.1,12.3,23.05,5.02,81,Kalimantan Utara
2026-08-24,33.9,24.3,4.3,4.3,11.0,23.56,5.08,81,Kalimantan Utara
2026-08-25,34.1,24.9,15.0,15.0,11.9,21.49,4.45,87,Kalimantan Utara
2026-08-26,31.9,23.9,4.8,4.8,11.2,21.02,4.51,81,Kalimantan Utara
2026-08-27,32.8,23.9,14.5,14.5,9.8,22.23,4.58,86,Kalimantan Utara
2026-08-28,33.8,24.8,1.7,1.7,15.7,21.75,4.86,79,Kalimantan Utara
2026-08-29,33.8,24.6,0.0,0.0,13.2,24.57,5.5,76,Kalimantan Utara
2026-08-30,33.1,24.0,6.1,6.1,13.0,22.55,4.86,81,Kalimantan Utara
2026-01-01,29.7,24.2,12.9,12.9,17.4,15.29,3.13,88,Kalimantan Timur
2026-01-02,31.5,24.1,12.8,12.8,11.1,17.63,3.8,84,Kalimantan Timur
2026-01-03,28.7,23.3,25.7,25.7,14.4,13.93,2.69,93,Kalimantan Timur
2026-01-04,28.6,24.0,14.7,14.7,11.5,12.85,2.65,90,Kalimantan Timur
2026-01-05,30.1,23.9,14.9,14.9,11.2,13.98,2.76,92,Kalimantan Timur
2026-01-06,29.0,24.4,2.6,2.6,8.7,14.01,2.87,90,Kalimantan Timur
2026-01-07,32.0,23.2,37.6,37.6,13.8,17.9,3.59,91,Kalimantan Timur
2026-01-08,29.8,23.1,13.6,13.6,8.5,15.03,3.09,87,Kalimantan Timur
2026-01-09,30.2,23.5,11.0,11.0,12.1,20.05,3.96,88,Kalimantan Timur
2026-01-10,31.2,23.6,13.2,13.2,9.5,21.25,4.31,87,Kalimantan Timur
2026-01-11,28.2,23.2,34.0,34.0,10.9,11.01,2.28,89,Kalimantan Timur
2026-01-12,31.5,23.6,0.4,0.4,17.1,20.6,4.38,81,Kalimantan Timur
2026-01-13,31.0,25.1,1.0,1.0,11.4,20.2,4.28,83,Kalimantan Timur
2026-01-14,30.8,22.9,9.7,9.7,11.4,20.48,4.24,83,Kalimantan Timur
2026-01-15,30.2,23.2,20.9,20.9,13.2,15.7,3.2,89,Kalimantan Timur
2026-01-16,30.6,22.9,7.2,7.2,8.5,18.67,3.83,86,Kalimantan Timur
2026-01-17,32.2,25.4,0.1,0.1,8.7,24.0,5.07,79,Kalimantan Timur
2026-01-18,30.8,25.0,2.1,2.1,9.7,21.74,4.53,84,Kalimantan Timur
2026-01-19,32.2,25.4,0.2,0.2,16.4,22.76,4.78,82,Kalimantan Timur
2026-01-20,31.5,25.1,0.1,0.1,11.1,17.44,3.77,83,Kalimantan Timur
2026-01-21,32.2,23.7,0.5,0.5,12.7,21.1,4.64,79,Kalimantan Timur
2026-01-22,31.7,25.4,0.2,0.2,13.7,21.07,4.64,79,Kalimantan Timur
2026-01-23,31.3,26.0,0.3,0.3,17.4,21.9,5.04,76,Kalimantan Timur
2026-01-24,31.3,24.6,0.0,0.0,16.0,23.98,5.16,78,Kalimantan Timur
2026-01-25,30.8,24.2,0.5,0.5,8.0,20.2,4.13,83,Kalimantan Timur
2026-01-26,31.2,24.1,1.9,1.9,9.1,19.71,4.05,84,Kalimantan Timur
2026-01-27,31.7,24.5,0.9,0.9,14.8,22.82,4.81,81,Kalimantan Timur
2026-01-28,30.0,23.0,7.6,7.6,12.7,18.57,3.83,85,Kalimantan Timur
2026-01-29,30.6,24.4,10.2,10.2,11.4,20.42,4.08,85,Kalimantan Timur
2026-01-30,28.7,22.7,6.3,6.3,12.7,15.64,3.1,90,Kalimantan Timur
2026-01-31,28.2,22.9,23.8,23.8,11.4,9.1,1.98,89,Kalimantan Timur
2026-02-01,31.3,23.2,0.5,0.5,11.0,23.09,4.82,77,Kalimantan Timur
2026-02-02,29.3,23.1,7.7,7.7,13.0,17.4,3.5,87,Kalimantan Timur
2026-02-03,31.6,23.3,3.6,3.6,15.1,23.14,4.83,81,Kalimantan Timur
2026-02-04,30.3,23.2,3.7,3.7,13.7,21.28,4.1,89,Kalimantan Timur
2026-02-05,31.2,23.8,28.1,28.1,11.0,23.76,4.75,87,Kalimantan Timur
2026-02-06,29.5,23.8,9.6,9.6,10.7,16.06,3.22,90,Kalimantan Timur
2026-02-07,30.2,23.3,34.7,34.7,15.0,18.4,3.76,91,Kalimantan Timur
2026-02-08,31.0,24.4,2.2,2.2,9.4,21.92,4.51,84,Kalimantan Timur
2026-02-09,30.5,22.9,7.0,7.0,11.7,18.77,3.78,87,Kalimantan Timur
2026-02-10,28.7,24.0,17.5,17.5,9.1,16.34,3.22,91,Kalimantan Timur
2026-02-11,30.8,24.4,10.0,10.0,8.7,20.36,4.3,82,Kalimantan Timur
2026-02-12,28.1,24.3,26.0,26.0,9.4,16.44,3.22,88,Kalimantan Timur
2026-02-13,29.8,23.6,19.7,19.7,13.8,15.69,3.14,91,Kalimantan Timur
2026-02-14,29.6,23.8,4.6,4.6,9.9,16.94,3.61,85,Kalimantan Timur
2026-02-15,30.6,24.0,6.8,6.8,12.5,20.31,4.1,86,Kalimantan Timur
2026-02-16,31.1,24.4,6.4,6.4,9.8,21.03,4.37,84,Kalimantan Timur
2026-02-17,31.1,24.1,0.3,0.3,16.7,22.92,4.86,81,Kalimantan Timur
2026-02-18,31.2,24.5,0.4,0.4,14.8,23.25,5.11,78,Kalimantan Timur
2026-02-19,27.4,23.5,10.3,10.3,9.3,8.75,1.84,91,Kalimantan Timur
2026-02-20,30.7,24.0,4.2,4.2,12.4,19.84,4.16,84,Kalimantan Timur
2026-02-21,25.8,23.5,35.6,35.6,11.6,4.73,1.09,93,Kalimantan Timur
2026-02-22,32.2,23.2,0.5,0.5,7.2,23.1,4.83,80,Kalimantan Timur
2026-02-23,29.6,23.5,9.8,9.8,13.0,15.29,3.1,89,Kalimantan Timur
2026-02-24,30.2,23.6,12.6,12.6,13.4,16.46,3.37,88,Kalimantan Timur
2026-02-25,29.3,24.6,1.8,1.8,13.3,15.15,3.44,82,Kalimantan Timur
2026-02-26,31.4,24.4,0.4,0.4,11.0,21.39,4.53,80,Kalimantan Timur
2026-02-27,31.1,24.0,0.5,0.5,11.4,19.23,4.02,84,Kalimantan Timur
2026-02-28,30.0,23.2,14.3,14.3,17.7,13.42,3.0,85,Kalimantan Timur
2026-03-01,32.4,23.8,4.4,4.4,8.1,23.0,4.77,84,Kalimantan Timur
2026-03-02,31.7,24.3,10.7,10.7,12.6,19.91,4.13,86,Kalimantan Timur
2026-03-03,30.5,23.4,6.1,6.1,13.9,23.77,4.72,87,Kalimantan Timur
2026-03-04,32.1,24.4,9.5,9.5,11.5,22.74,4.69,84,Kalimantan Timur
2026-03-05,30.7,23.8,17.1,17.1,14.3,19.86,3.99,89,Kalimantan Timur
2026-03-06,31.6,24.3,36.0,36.0,14.0,24.65,5.19,82,Kalimantan Timur
2026-03-07,28.2,24.3,15.8,15.8,13.6,11.03,2.39,89,Kalimantan Timur
2026-03-08,31.9,24.6,5.0,5.0,13.4,23.35,4.76,83,Kalimantan Timur
2026-03-09,28.2,23.7,16.4,16.4,7.4,13.65,2.72,93,Kalimantan Timur
2026-03-10,29.1,23.9,15.9,15.9,11.0,17.88,3.52,90,Kalimantan Timur
2026-03-11,30.0,24.0,21.2,21.2,12.7,19.87,3.92,89,Kalimantan Timur
2026-03-12,29.9,23.8,9.8,9.8,12.9,19.48,3.87,88,Kalimantan Timur
2026-03-13,29.9,23.4,12.6,12.6,11.4,17.64,3.58,89,Kalimantan Timur
2026-03-14,30.0,23.1,18.8,18.8,11.4,19.86,3.93,88,Kalimantan Timur
2026-03-15,30.5,23.8,5.1,5.1,14.9,20.93,4.14,87,Kalimantan Timur
2026-03-16,29.5,23.3,5.9,5.9,9.8,16.16,3.23,89,Kalimantan Timur
2026-03-17,29.7,23.4,5.2,5.2,8.2,19.56,3.88,90,Kalimantan Timur
2026-03-18,30.4,22.8,14.5,14.5,9.8,19.53,3.87,89,Kalimantan Timur
2026-03-19,29.8,23.0,1.1,1.1,11.6,18.76,3.65,90,Kalimantan Timur
2026-03-20,28.3,22.6,22.1,22.1,8.7,16.97,3.33,92,Kalimantan Timur
2026-03-21,31.3,23.2,9.4,9.4,13.0,21.85,4.33,88,Kalimantan Timur
2026-03-22,30.9,23.1,5.7,5.7,14.2,20.82,4.42,81,Kalimantan Timur
2026-03-23,29.7,23.2,2.5,2.5,8.1,17.62,3.65,86,Kalimantan Timur
2026-03-24,31.3,24.3,0.6,0.6,13.2,23.57,4.97,81,Kalimantan Timur
2026-03-25,31.4,24.9,0.1,0.1,12.6,25.17,5.37,79,Kalimantan Timur
2026-03-26,31.6,24.3,0.1,0.1,12.4,25.69,5.53,78,Kalimantan Timur
2026-03-27,31.3,24.9,0.0,0.0,12.4,24.23,5.13,81,Kalimantan Timur
2026-03-28,30.5,24.0,1.4,1.4,11.1,21.07,4.39,83,Kalimantan Timur
2026-03-29,31.5,23.9,3.5,3.5,9.6,22.17,4.67,83,Kalimantan Timur
2026-03-30,29.6,23.6,21.8,21.8,12.6,15.7,3.23,89,Kalimantan Timur
2026-03-31,30.1,23.6,12.7,12.7,8.8,18.47,3.69,89,Kalimantan Timur
2026-04-01,30.9,24.6,3.9,3.9,9.6,19.43,3.96,88,Kalimantan Timur
2026-04-02,30.8,23.8,21.6,21.6,14.0,16.62,3.35,91,Kalimantan Timur
2026-04-03,26.6,23.3,24.2,24.2,9.3,9.7,1.92,92,Kalimantan Timur
2026-04-04,31.2,23.6,2.7,2.7,8.9,23.52,4.77,83,Kalimantan Timur
2026-04-05,31.0,24.5,1.6,1.6,11.8,22.63,4.64,83,Kalimantan Timur
2026-04-06,29.7,24.8,2.9,2.9,6.8,18.31,3.74,86,Kalimantan Timur
2026-04-07,29.9,23.3,8.7,8.7,14.5,20.53,4.05,87,Kalimantan Timur
2026-04-08,30.5,24.0,1.0,1.0,6.3,17.7,3.53,90,Kalimantan Timur
2026-04-09,31.4,23.3,2.7,2.7,13.4,21.8,4.38,87,Kalimantan Timur
2026-04-10,30.6,23.6,16.9,16.9,13.8,20.78,4.14,88,Kalimantan Timur
2026-04-11,28.7,24.3,7.7,7.7,9.5,14.63,2.95,89,Kalimantan Timur
2026-04-12,31.5,24.9,12.1,12.1,7.0,19.57,3.99,88,Kalimantan Timur
2026-04-13,30.1,24.5,11.6,11.6,12.4,14.05,2.95,89,Kalimantan Timur
2026-04-14,31.0,25.1,1.8,1.8,13.5,23.17,4.79,82,Kalimantan Timur
2026-04-15,28.9,24.6,11.3,11.3,12.8,15.6,3.05,91,Kalimantan Timur
2026-04-16,30.4,23.1,15.7,15.7,10.1,19.87,3.96,89,Kalimantan Timur
2026-04-17,31.1,23.6,1.6,1.6,12.4,22.21,4.59,80,Kalimantan Timur
2026-04-18,30.5,24.1,2.7,2.7,13.3,21.62,4.26,85,Kalimantan Timur
2026-04-19,30.9,24.3,0.5,0.5,7.6,20.88,4.19,85,Kalimantan Timur
2026-04-20,30.9,24.6,6.6,6.6,8.5,19.5,3.97,87,Kalimantan Timur
2026-04-21,29.5,25.3,4.7,4.7,14.5,20.89,4.24,84,Kalimantan Timur
2026-04-22,30.3,24.6,1.8,1.8,15.8,20.09,4.12,83,Kalimantan Timur
2026-04-23,31.9,24.5,1.9,1.9,12.5,23.04,4.78,82,Kalimantan Timur
2026-04-24,30.9,23.6,3.8,3.8,18.6,24.33,5.03,82,Kalimantan Timur
2026-04-25,31.8,25.3,0.0,0.0,20.0,24.36,5.38,76,Kalimantan Timur
2026-04-26,31.7,25.0,0.2,0.2,17.0,23.63,5.05,80,Kalimantan Timur
2026-04-27,31.5,25.6,13.5,13.5,13.0,20.93,4.34,84,Kalimantan Timur
2026-04-28,30.7,24.2,6.6,6.6,11.4,17.7,3.57,88,Kalimantan Timur
2026-04-29,32.0,24.8,0.7,0.7,12.9,21.83,4.69,81,Kalimantan Timur
2026-04-30,31.0,25.5,5.9,5.9,13.0,21.01,4.25,86,Kalimantan Timur
2026-05-01,30.1,24.0,8.6,8.6,9.7,16.94,3.4,89,Kalimantan Timur
2026-05-02,31.6,24.2,0.0,0.0,8.3,21.92,4.55,83,Kalimantan Timur
2026-05-03,31.3,25.1,3.6,3.6,10.9,20.91,4.29,85,Kalimantan Timur
2026-05-04,30.5,24.8,5.0,5.0,9.7,19.07,3.81,89,Kalimantan Timur
2026-05-05,30.4,24.0,10.4,10.4,15.0,21.05,4.22,88,Kalimantan Timur
2026-05-06,29.8,24.7,8.9,8.9,10.9,17.34,3.41,91,Kalimantan Timur
2026-05-07,31.0,24.7,11.7,11.7,8.3,17.94,3.63,90,Kalimantan Timur
2026-05-08,28.6,24.4,14.6,14.6,10.3,13.37,2.64,93,Kalimantan Timur
2026-05-09,30.9,24.1,24.7,24.7,13.0,17.18,3.48,91,Kalimantan Timur
2026-05-10,27.7,24.7,2.7,2.7,9.0,11.57,2.34,93,Kalimantan Timur
2026-05-11,31.6,25.2,2.7,2.7,9.7,20.29,4.14,87,Kalimantan Timur
2026-05-12,30.4,25.0,4.3,4.3,10.5,18.2,3.65,89,Kalimantan Timur
2026-05-13,30.0,25.5,16.3,16.3,7.0,18.58,3.67,92,Kalimantan Timur
2026-05-14,30.8,26.1,5.8,5.8,10.0,18.31,3.68,90,Kalimantan Timur
2026-05-15,29.3,24.4,26.4,26.4,10.3,15.06,2.97,93,Kalimantan Timur
2026-05-16,30.7,24.8,5.7,5.7,5.4,17.82,3.63,89,Kalimantan Timur
2026-05-17,26.3,24.2,34.0,34.0,7.5,4.92,1.01,97,Kalimantan Timur
2026-05-18,31.1,25.0,13.1,13.1,13.7,17.83,3.63,88,Kalimantan Timur
2026-05-19,29.7,24.6,17.3,17.3,6.6,14.53,2.88,92,Kalimantan Timur
2026-05-20,28.3,24.6,17.5,17.5,11.6,11.6,2.33,92,Kalimantan Timur
2026-05-21,32.4,24.7,0.5,0.5,10.4,22.36,4.74,79,Kalimantan Timur
2026-05-22,31.7,24.6,16.2,16.2,11.9,18.86,3.83,89,Kalimantan Timur
2026-05-23,30.6,23.7,7.9,7.9,13.1,16.43,3.36,87,Kalimantan Timur
2026-05-24,28.9,25.1,4.8,4.8,8.7,15.85,3.1,91,Kalimantan Timur
2026-05-25,28.8,24.0,6.6,6.6,16.0,11.2,2.2,95,Kalimantan Timur
2026-05-26,31.4,24.6,2.2,2.2,14.7,20.51,4.08,88,Kalimantan Timur
2026-05-27,27.4,24.3,7.4,7.4,8.3,7.77,1.6,95,Kalimantan Timur
2026-05-28,31.5,24.5,2.6,2.6,11.2,19.92,4.01,88,Kalimantan Timur
2026-05-29,28.3,24.8,14.1,14.1,12.9,16.08,3.0,94,Kalimantan Timur
2026-05-30,29.5,24.0,11.1,11.1,15.4,16.13,3.15,89,Kalimantan Timur
2026-05-31,31.3,24.9,1.3,1.3,11.0,19.83,4.02,86,Kalimantan Timur
2026-06-01,31.3,25.8,0.4,0.4,14.4,21.88,4.63,81,Kalimantan Timur
2026-06-02,31.6,23.4,8.1,8.1,14.4,20.26,4.14,85,Kalimantan Timur
2026-06-03,31.1,25.4,2.8,2.8,9.0,20.53,4.19,86,Kalimantan Timur
2026-06-04,31.1,25.4,11.1,11.1,15.7,18.72,3.68,89,Kalimantan Timur
2026-06-05,28.9,24.9,2.1,2.1,9.7,11.63,2.33,91,Kalimantan Timur
2026-06-06,31.8,24.6,0.6,0.6,10.2,21.06,4.45,80,Kalimantan Timur
2026-06-07,29.8,25.3,3.3,3.3,9.2,17.29,3.47,90,Kalimantan Timur
2026-06-08,30.7,23.9,11.2,11.2,14.8,17.75,3.62,88,Kalimantan Timur
2026-06-09,30.6,23.2,16.7,16.7,12.5,19.41,3.82,88,Kalimantan Timur
2026-06-10,30.6,25.0,7.7,7.7,13.9,19.09,3.72,88,Kalimantan Timur
2026-06-11,29.9,23.3,13.4,13.4,12.8,17.07,3.31,91,Kalimantan Timur
2026-06-12,27.8,23.6,32.6,32.6,10.0,12.13,2.38,94,Kalimantan Timur
2026-06-13,30.0,23.2,15.5,15.5,8.7,14.63,2.89,91,Kalimantan Timur
2026-06-14,29.7,24.6,5.0,5.0,7.4,18.21,3.55,91,Kalimantan Timur
2026-06-15,29.0,24.7,9.6,9.6,7.2,14.85,2.91,92,Kalimantan Timur
2026-06-16,28.2,24.5,19.4,19.4,11.0,13.15,2.49,94,Kalimantan Timur
2026-06-17,29.4,23.8,10.5,10.5,9.0,14.42,2.93,88,Kalimantan Timur
2026-06-18,31.0,23.9,3.9,3.9,11.7,20.52,4.06,86,Kalimantan Timur
2026-06-19,29.2,24.7,2.1,2.1,7.6,18.36,3.57,89,Kalimantan Timur
2026-06-20,31.5,24.8,1.1,1.1,13.7,21.34,4.53,81,Kalimantan Timur
2026-06-21,31.3,25.9,5.3,5.3,10.0,20.76,4.2,84,Kalimantan Timur
2026-06-22,30.4,24.8,0.7,0.7,16.2,21.05,4.39,82,Kalimantan Timur
2026-06-23,30.5,23.6,1.8,1.8,10.4,19.12,3.8,87,Kalimantan Timur
2026-06-24,31.3,24.9,2.8,2.8,8.1,19.61,4.0,86,Kalimantan Timur
2026-06-25,31.2,25.1,2.3,2.3,6.4,20.65,4.19,83,Kalimantan Timur
2026-06-26,31.8,25.1,5.2,5.2,9.6,19.94,4.02,86,Kalimantan Timur
2026-06-27,32.1,25.4,1.2,1.2,7.8,20.55,4.3,81,Kalimantan Timur
2026-06-28,31.9,25.1,2.9,2.9,9.9,20.2,4.09,86,Kalimantan Timur
2026-06-29,30.8,23.3,12.6,12.6,12.6,19.86,4.07,85,Kalimantan Timur
2026-06-30,30.2,25.4,5.2,5.2,14.1,18.64,3.64,88,Kalimantan Timur
2026-07-01,29.2,23.5,12.8,12.8,11.7,15.02,2.9,91,Kalimantan Timur
2026-07-02,30.2,24.9,2.8,2.8,11.1,17.88,3.62,86,Kalimantan Timur
2026-07-03,30.8,23.7,15.1,15.1,10.3,17.55,3.42,91,Kalimantan Timur
2026-07-04,30.6,23.7,4.6,4.6,12.3,20.38,4.11,86,Kalimantan Timur
2026-07-05,32.2,24.4,0.0,0.0,8.7,21.12,4.48,82,Kalimantan Timur
2026-07-06,29.9,25.1,2.5,2.5,13.8,19.66,4.07,84,Kalimantan Timur
2026-07-07,31.2,25.8,0.4,0.4,15.8,21.9,4.92,77,Kalimantan Timur
2026-07-08,31.0,25.8,0.8,0.8,14.7,20.76,4.65,77,Kalimantan Timur
2026-07-09,30.3,25.1,1.2,1.2,19.6,21.75,4.83,77,Kalimantan Timur
2026-07-10,30.4,25.5,0.0,0.0,18.8,21.58,4.88,75,Kalimantan Timur
2026-07-11,30.4,25.3,0.7,0.7,18.0,18.66,4.09,82,Kalimantan Timur
2026-07-12,30.9,25.4,0.5,0.5,16.3,21.57,4.64,80,Kalimantan Timur
2026-07-13,31.4,25.1,1.7,1.7,13.7,21.97,4.58,83,Kalimantan Timur
2026-07-14,31.6,25.4,0.2,0.2,11.9,21.81,4.65,81,Kalimantan Timur
2026-07-15,31.1,24.5,3.5,3.5,6.3,20.22,4.15,85,Kalimantan Timur
2026-07-16,31.2,25.3,5.5,5.5,13.9,19.67,3.92,87,Kalimantan Timur
2026-07-17,30.5,23.5,1.8,1.8,14.4,14.97,3.03,89,Kalimantan Timur
2026-07-18,30.8,24.4,1.8,1.8,12.2,20.81,4.29,85,Kalimantan Timur
2026-07-19,31.6,25.0,0.5,0.5,13.7,22.44,4.82,79,Kalimantan Timur
2026-07-20,30.8,24.7,1.1,1.1,13.8,21.11,4.39,82,Kalimantan Timur
2026-07-21,30.3,24.7,4.9,4.9,15.8,19.98,3.91,87,Kalimantan Timur
2026-07-22,28.0,24.0,13.5,13.5,14.1,14.94,2.91,90,Kalimantan Timur
2026-07-23,29.3,23.6,3.3,3.3,18.5,17.64,3.78,82,Kalimantan Timur
2026-07-24,29.6,24.6,0.7,0.7,19.5,20.1,4.4,79,Kalimantan Timur
2026-07-25,30.4,25.0,0.6,0.6,18.0,22.33,4.72,80,Kalimantan Timur
2026-07-26,30.5,24.5,1.6,1.6,11.3,21.74,4.47,82,Kalimantan Timur
2026-07-27,28.8,24.4,3.5,3.5,13.3,17.74,3.42,89,Kalimantan Timur
2026-07-28,30.9,24.3,3.2,3.2,9.9,20.58,4.16,85,Kalimantan Timur
2026-07-29,30.7,24.3,3.4,3.4,12.4,18.07,3.61,87,Kalimantan Timur
2026-07-30,30.7,23.5,2.0,2.0,10.5,21.59,4.27,87,Kalimantan Timur
2026-07-31,31.1,23.9,0.8,0.8,10.0,19.06,3.99,84,Kalimantan Timur
2026-08-01,31.4,24.7,3.0,3.0,8.7,20.16,4.11,84,Kalimantan Timur
2026-08-02,30.7,24.2,1.1,1.1,13.7,21.58,4.55,82,Kalimantan Timur
2026-08-03,32.3,24.5,0.0,0.0,10.9,22.31,4.78,79,Kalimantan Timur
2026-08-04,32.1,24.7,0.1,0.1,14.8,23.43,5.01,81,Kalimantan Timur
2026-08-05,31.1,25.1,0.6,0.6,16.4,22.94,4.87,80,Kalimantan Timur
2026-08-06,30.7,24.8,0.9,0.9,16.6,22.71,4.84,81,Kalimantan Timur
2026-08-07,30.6,24.9,1.4,1.4,18.6,22.41,4.94,77,Kalimantan Timur
2026-08-08,30.8,24.6,0.4,0.4,16.9,22.94,4.99,77,Kalimantan Timur
2026-08-09,30.6,24.6,0.7,0.7,18.2,22.94,5.0,76,Kalimantan Timur
2026-08-10,30.7,24.5,0.9,0.9,16.2,22.94,4.91,78,Kalimantan Timur
2026-08-11,31.1,24.5,1.2,1.2,15.7,22.54,4.79,80,Kalimantan Timur
2026-08-12,31.1,25.1,1.9,1.9,15.0,21.96,4.71,81,Kalimantan Timur
2026-08-13,31.2,25.3,1.2,1.2,17.5,22.18,4.88,79,Kalimantan Timur
2026-08-14,32.3,25.6,0.1,0.1,16.0,23.41,5.11,80,Kalimantan Timur
2026-08-15,31.5,25.5,0.6,0.6,16.0,22.88,5.0,79,Kalimantan Timur
2026-08-16,31.9,25.0,0.5,0.5,14.9,23.36,5.12,78,Kalimantan Timur
2026-08-17,32.1,25.2,0.5,0.5,16.6,23.53,5.09,81,Kalimantan Timur
2026-08-18,31.5,25.0,0.0,0.0,17.9,23.54,5.02,81,Kalimantan Timur
2026-08-19,32.1,23.7,0.0,0.0,10.8,23.09,4.87,79,Kalimantan Timur
2026-08-20,31.5,24.4,0.4,0.4,14.3,23.31,4.98,79,Kalimantan Timur
2026-08-21,31.3,24.7,1.1,1.1,13.0,22.8,4.83,80,Kalimantan Timur
2026-08-22,32.4,24.9,0.8,0.8,15.3,22.16,4.86,79,Kalimantan Timur
2026-08-23,32.1,25.2,0.8,0.8,18.0,23.42,5.15,78,Kalimantan Timur
2026-08-24,31.1,25.4,1.2,1.2,18.5,23.07,5.08,78,Kalimantan Timur
2026-08-25,31.5,25.0,0.0,0.0,17.7,23.78,5.34,76,Kalimantan Timur
2026-08-26,31.4,24.0,0.0,0.0,15.5,23.9,5.13,77,Kalimantan Timur
2026-08-27,31.2,24.4,0.0,0.0,17.9,21.41,4.76,79,Kalimantan Timur
2026-08-28,31.3,24.3,0.0,0.0,17.0,23.92,5.35,74,Kalimantan Timur
2026-08-29,32.0,24.0,0.0,0.0,17.5,23.78,5.22,77,Kalimantan Timur
2026-08-30,31.8,24.5,1.4,1.4,14.5,22.0,4.74,80,Kalimantan Timur
2026-01-01,27.1,23.1,25.8,25.8,11.0,10.83,2.1,96,Kalimantan Tengah
2026-01-02,31.9,22.8,8.1,8.1,13.3,22.53,4.67,85,Kalimantan Tengah
2026-01-03,29.9,22.8,15.2,15.2,12.0,17.45,3.58,88,Kalimantan Tengah
2026-01-04,31.1,23.1,3.0,3.0,14.2,19.0,3.8,89,Kalimantan Tengah
2026-01-05,29.8,22.8,7.3,7.3,10.4,16.73,3.32,91,Kalimantan Tengah
2026-01-06,31.4,23.1,5.7,5.7,10.7,20.13,4.09,86,Kalimantan Tengah
2026-01-07,29.8,22.7,18.9,18.9,13.9,16.43,3.14,92,Kalimantan Tengah
2026-01-08,28.1,23.0,27.7,27.7,16.5,11.99,2.41,92,Kalimantan Tengah
2026-01-09,28.6,23.0,1.0,1.0,14.2,13.72,2.94,86,Kalimantan Tengah
2026-01-10,31.4,23.0,12.9,12.9,13.0,19.67,3.88,89,Kalimantan Tengah
2026-01-11,27.2,22.8,10.7,10.7,11.5,11.47,2.29,94,Kalimantan Tengah
2026-01-12,30.6,22.9,0.1,0.1,12.5,17.93,4.05,78,Kalimantan Tengah
2026-01-13,31.9,24.0,0.0,0.0,12.2,19.98,4.65,75,Kalimantan Tengah
2026-01-14,31.2,23.6,0.0,0.0,15.7,20.87,4.7,76,Kalimantan Tengah
2026-01-15,31.0,23.6,0.0,0.0,15.2,20.74,4.8,74,Kalimantan Tengah
2026-01-16,33.0,22.8,0.0,0.0,16.7,24.44,5.6,72,Kalimantan Tengah
2026-01-17,33.5,23.9,0.1,0.1,14.1,24.16,5.64,71,Kalimantan Tengah
2026-01-18,32.9,22.9,0.0,0.0,14.1,25.1,5.72,70,Kalimantan Tengah
2026-01-19,33.3,23.7,0.0,0.0,12.5,24.49,5.72,69,Kalimantan Tengah
2026-01-20,32.8,23.1,0.0,0.0,14.8,24.36,5.75,69,Kalimantan Tengah
2026-01-21,31.0,22.9,0.0,0.0,16.0,18.15,4.45,71,Kalimantan Tengah
2026-01-22,31.6,23.6,0.0,0.0,13.4,15.98,3.98,72,Kalimantan Tengah
2026-01-23,33.2,21.8,0.0,0.0,13.8,24.88,5.72,70,Kalimantan Tengah
2026-01-24,31.7,23.4,0.4,0.4,12.2,21.54,4.71,74,Kalimantan Tengah
2026-01-25,31.2,23.3,3.4,3.4,11.0,20.82,4.31,85,Kalimantan Tengah
2026-01-26,32.8,23.0,1.9,1.9,12.6,22.36,4.74,79,Kalimantan Tengah
2026-01-27,33.5,23.3,0.2,0.2,11.8,22.23,5.1,72,Kalimantan Tengah
2026-01-28,32.3,23.7,0.2,0.2,12.7,18.39,4.14,75,Kalimantan Tengah
2026-01-29,32.0,23.2,1.7,1.7,13.7,18.73,4.03,81,Kalimantan Tengah
2026-01-30,32.8,23.3,7.3,7.3,10.9,18.79,3.89,88,Kalimantan Tengah
2026-01-31,29.7,23.4,14.2,14.2,6.1,16.4,3.27,92,Kalimantan Tengah
2026-02-01,29.5,22.7,36.4,36.4,12.1,15.46,3.1,93,Kalimantan Tengah
2026-02-02,29.8,22.9,16.6,16.6,9.5,14.73,2.98,90,Kalimantan Tengah
2026-02-03,30.9,22.6,23.7,23.7,8.0,17.99,3.63,90,Kalimantan Tengah
2026-02-04,27.8,22.0,23.3,23.3,7.4,13.53,2.62,96,Kalimantan Tengah
2026-02-05,32.0,23.0,8.3,8.3,15.5,22.77,4.69,86,Kalimantan Tengah
2026-02-06,30.1,22.9,7.7,7.7,11.9,17.55,3.56,90,Kalimantan Tengah
2026-02-07,31.9,23.0,2.5,2.5,12.6,21.64,4.49,84,Kalimantan Tengah
2026-02-08,31.5,22.9,0.2,0.2,12.1,20.53,4.52,79,Kalimantan Tengah
2026-02-09,32.2,23.1,7.3,7.3,9.7,22.5,4.81,80,Kalimantan Tengah
2026-02-10,28.8,23.8,6.7,6.7,7.5,11.89,2.44,89,Kalimantan Tengah
2026-02-11,30.3,22.7,11.1,11.1,9.0,17.79,3.71,86,Kalimantan Tengah
2026-02-12,31.0,22.9,16.3,16.3,13.0,21.5,4.3,90,Kalimantan Tengah
2026-02-13,28.7,22.8,19.5,19.5,12.9,12.6,2.47,94,Kalimantan Tengah
2026-02-14,31.6,22.5,4.2,4.2,12.5,21.26,4.34,89,Kalimantan Tengah
2026-02-15,30.8,23.2,2.3,2.3,8.3,16.95,3.45,90,Kalimantan Tengah
2026-02-16,30.7,22.7,19.6,19.6,9.1,18.22,3.74,88,Kalimantan Tengah
2026-02-17,28.0,22.3,18.9,18.9,14.4,13.49,2.63,96,Kalimantan Tengah
2026-02-18,32.0,22.5,17.4,17.4,16.5,20.25,4.07,92,Kalimantan Tengah
2026-02-19,29.8,23.0,16.1,16.1,8.0,16.28,3.2,93,Kalimantan Tengah
2026-02-20,30.6,22.1,22.9,22.9,12.6,21.05,4.24,90,Kalimantan Tengah
2026-02-21,26.7,23.6,6.3,6.3,6.7,8.27,1.71,95,Kalimantan Tengah
2026-02-22,31.3,23.4,13.0,13.0,11.9,20.34,4.19,86,Kalimantan Tengah
2026-02-23,30.6,23.0,18.2,18.2,8.6,19.14,3.81,92,Kalimantan Tengah
2026-02-24,29.7,23.6,4.3,4.3,13.7,18.26,3.72,88,Kalimantan Tengah
2026-02-25,28.8,22.9,1.5,1.5,11.2,12.94,2.74,87,Kalimantan Tengah
2026-02-26,32.6,22.9,5.9,5.9,14.7,23.08,4.9,83,Kalimantan Tengah
2026-02-27,31.9,23.4,0.1,0.1,12.0,21.67,4.66,80,Kalimantan Tengah
2026-02-28,32.7,23.0,0.0,0.0,10.4,21.55,4.75,77,Kalimantan Tengah
2026-03-01,33.0,23.7,7.9,7.9,8.7,21.93,4.74,78,Kalimantan Tengah
2026-03-02,32.0,23.8,2.2,2.2,11.3,20.53,4.31,86,Kalimantan Tengah
2026-03-03,32.5,23.7,4.1,4.1,12.0,18.17,3.98,84,Kalimantan Tengah
2026-03-04,33.1,23.2,1.2,1.2,11.1,21.83,4.67,82,Kalimantan Tengah
2026-03-05,32.6,23.4,15.8,15.8,15.4,22.55,4.6,88,Kalimantan Tengah
2026-03-06,32.1,24.1,16.6,16.6,12.1,18.28,3.74,90,Kalimantan Tengah
2026-03-07,31.2,23.7,5.7,5.7,14.3,18.01,3.78,88,Kalimantan Tengah
2026-03-08,28.9,23.2,2.8,2.8,6.9,18.38,3.66,92,Kalimantan Tengah
2026-03-09,28.6,22.6,16.2,16.2,11.9,13.69,2.8,92,Kalimantan Tengah
2026-03-10,31.4,22.8,9.0,9.0,15.6,19.92,3.95,90,Kalimantan Tengah
2026-03-11,31.9,22.4,0.2,0.2,12.8,23.32,5.02,80,Kalimantan Tengah
2026-03-12,32.5,23.8,0.6,0.6,12.2,24.42,5.29,78,Kalimantan Tengah
2026-03-13,33.0,23.2,1.9,1.9,9.3,25.41,5.47,77,Kalimantan Tengah
2026-03-14,33.1,23.1,3.1,3.1,9.5,23.97,4.91,83,Kalimantan Tengah
2026-03-15,30.8,22.2,19.7,19.7,9.7,21.14,4.28,87,Kalimantan Tengah
2026-03-16,28.1,22.5,26.7,26.7,10.5,13.65,2.7,93,Kalimantan Tengah
2026-03-17,31.2,22.4,8.5,8.5,10.9,20.08,4.1,87,Kalimantan Tengah
2026-03-18,31.3,22.4,18.6,18.6,11.7,18.82,3.87,89,Kalimantan Tengah
2026-03-19,30.4,22.6,9.8,9.8,9.6,17.81,3.53,93,Kalimantan Tengah
2026-03-20,32.0,22.6,7.2,7.2,9.8,21.67,4.33,89,Kalimantan Tengah
2026-03-21,30.3,23.0,5.6,5.6,9.3,19.8,3.93,92,Kalimantan Tengah
2026-03-22,31.1,23.5,5.9,5.9,12.9,17.04,3.51,89,Kalimantan Tengah
2026-03-23,32.8,23.4,1.0,1.0,9.7,24.35,5.16,80,Kalimantan Tengah
2026-03-24,33.3,22.2,0.0,0.0,9.9,25.72,5.64,72,Kalimantan Tengah
2026-03-25,34.7,22.8,0.0,0.0,11.0,25.98,5.84,68,Kalimantan Tengah
2026-03-26,33.0,23.8,0.8,0.8,9.5,24.52,5.19,77,Kalimantan Tengah
2026-03-27,31.5,23.4,4.4,4.4,13.1,21.3,4.47,81,Kalimantan Tengah
2026-03-28,31.4,22.7,12.0,12.0,11.3,21.11,4.28,87,Kalimantan Tengah
2026-03-29,31.8,22.0,7.0,7.0,15.1,19.71,3.99,89,Kalimantan Tengah
2026-03-30,29.5,22.6,18.4,18.4,7.7,10.76,2.15,96,Kalimantan Tengah
2026-03-31,32.0,22.8,6.7,6.7,9.3,22.18,4.61,83,Kalimantan Tengah
2026-04-01,31.3,23.3,26.4,26.4,8.9,19.66,4.0,90,Kalimantan Tengah
2026-04-02,28.0,23.1,37.6,37.6,7.6,12.02,2.41,95,Kalimantan Tengah
2026-04-03,28.9,22.9,2.0,2.0,10.8,15.25,3.08,89,Kalimantan Tengah
2026-04-04,31.9,23.2,13.9,13.9,10.3,23.26,4.8,85,Kalimantan Tengah
2026-04-05,29.4,23.0,8.0,8.0,9.5,17.01,3.37,91,Kalimantan Tengah
2026-04-06,29.0,22.6,18.6,18.6,11.2,17.03,3.36,92,Kalimantan Tengah
2026-04-07,32.3,22.8,12.0,12.0,10.0,23.21,4.69,86,Kalimantan Tengah
2026-04-08,31.0,22.3,1.4,1.4,13.6,19.85,3.95,89,Kalimantan Tengah
2026-04-09,32.3,23.0,29.0,29.0,8.7,21.07,4.32,88,Kalimantan Tengah
2026-04-10,30.7,23.1,18.2,18.2,13.0,16.5,3.35,92,Kalimantan Tengah
2026-04-11,32.4,23.0,11.9,11.9,7.7,23.34,4.78,87,Kalimantan Tengah
2026-04-12,33.1,23.5,3.9,3.9,16.2,23.08,4.78,86,Kalimantan Tengah
2026-04-13,31.2,22.8,17.7,17.7,8.6,18.5,3.85,87,Kalimantan Tengah
2026-04-14,32.3,23.3,29.1,29.1,9.8,22.86,4.74,86,Kalimantan Tengah
2026-04-15,31.0,23.3,30.5,30.5,8.3,15.97,3.17,95,Kalimantan Tengah
2026-04-16,30.9,23.0,2.6,2.6,8.8,15.19,3.05,92,Kalimantan Tengah
2026-04-17,31.9,23.7,10.6,10.6,8.1,20.57,4.15,89,Kalimantan Tengah
2026-04-18,31.1,22.4,16.9,16.9,13.2,19.29,3.82,92,Kalimantan Tengah
2026-04-19,30.5,23.2,2.5,2.5,8.7,18.31,3.62,92,Kalimantan Tengah
2026-04-20,32.1,22.7,14.3,14.3,10.1,23.4,4.72,88,Kalimantan Tengah
2026-04-21,30.0,23.3,18.5,18.5,10.5,18.26,3.61,93,Kalimantan Tengah
2026-04-22,26.6,22.7,27.7,27.7,6.1,7.46,1.48,97,Kalimantan Tengah
2026-04-23,32.1,23.1,0.8,0.8,8.2,22.1,4.54,87,Kalimantan Tengah
2026-04-24,32.6,24.1,0.3,0.3,14.0,23.38,4.96,81,Kalimantan Tengah
2026-04-25,33.7,23.8,0.1,0.1,15.2,24.22,5.42,73,Kalimantan Tengah
2026-04-26,33.2,23.9,2.3,2.3,10.0,23.77,5.12,74,Kalimantan Tengah
2026-04-27,28.9,22.8,23.4,23.4,11.1,16.91,3.23,92,Kalimantan Tengah
2026-04-28,31.4,23.5,10.8,10.8,7.2,20.61,4.21,84,Kalimantan Tengah
2026-04-29,32.6,23.4,10.5,10.5,12.0,21.12,4.34,88,Kalimantan Tengah
2026-04-30,29.7,22.9,3.3,3.3,9.2,13.59,2.68,93,Kalimantan Tengah
2026-05-01,31.2,23.3,10.6,10.6,8.5,20.49,4.23,87,Kalimantan Tengah
2026-05-02,32.5,22.6,5.8,5.8,9.3,22.61,4.57,87,Kalimantan Tengah
2026-05-03,27.3,23.0,8.8,8.8,8.8,9.89,1.96,94,Kalimantan Tengah
2026-05-04,30.9,23.3,18.8,18.8,7.4,17.42,3.56,91,Kalimantan Tengah
2026-05-05,30.5,22.7,0.6,0.6,8.4,17.54,3.6,88,Kalimantan Tengah
2026-05-06,31.4,22.8,12.0,12.0,7.1,18.54,3.78,90,Kalimantan Tengah
2026-05-07,31.0,23.9,10.3,10.3,8.9,18.59,3.8,90,Kalimantan Tengah
2026-05-08,30.6,23.4,23.5,23.5,7.3,17.86,3.57,92,Kalimantan Tengah
2026-05-09,28.2,23.6,25.8,25.8,8.5,11.12,2.27,93,Kalimantan Tengah
2026-05-10,30.7,23.6,20.4,20.4,8.8,17.37,3.51,90,Kalimantan Tengah
2026-05-11,32.4,23.6,15.6,15.6,7.4,20.9,4.29,89,Kalimantan Tengah
2026-05-12,30.2,23.0,33.5,33.5,8.8,16.38,3.31,91,Kalimantan Tengah
2026-05-13,30.8,23.9,18.7,18.7,8.5,17.07,3.45,91,Kalimantan Tengah
2026-05-14,32.7,23.5,10.7,10.7,6.0,21.28,4.36,88,Kalimantan Tengah
2026-05-15,27.7,23.9,16.4,16.4,9.4,13.29,2.63,94,Kalimantan Tengah
2026-05-16,31.1,23.8,17.5,17.5,8.9,19.99,4.04,89,Kalimantan Tengah
2026-05-17,28.9,23.8,42.5,42.5,7.3,12.61,2.46,96,Kalimantan Tengah
2026-05-18,31.4,24.0,16.3,16.3,9.2,19.8,4.09,87,Kalimantan Tengah
2026-05-19,32.3,23.9,13.1,13.1,13.4,20.33,4.14,89,Kalimantan Tengah
2026-05-20,32.1,23.9,4.0,4.0,7.7,20.36,4.13,90,Kalimantan Tengah
2026-05-21,33.5,24.9,6.0,6.0,7.2,21.04,4.29,89,Kalimantan Tengah
2026-05-22,32.4,23.5,50.8,50.8,15.1,21.19,4.35,88,Kalimantan Tengah
2026-05-23,31.6,23.3,10.4,10.4,9.2,20.17,4.13,87,Kalimantan Tengah
2026-05-24,31.5,24.1,36.0,36.0,10.1,20.4,4.15,89,Kalimantan Tengah
2026-05-25,30.7,23.4,14.0,14.0,11.7,18.86,3.81,89,Kalimantan Tengah
2026-05-26,30.4,23.2,17.2,17.2,11.7,19.44,3.87,92,Kalimantan Tengah
2026-05-27,28.5,22.6,3.4,3.4,10.7,12.29,2.42,93,Kalimantan Tengah
2026-05-28,31.5,23.3,16.3,16.3,12.4,20.27,4.14,88,Kalimantan Tengah
2026-05-29,30.9,23.0,8.3,8.3,12.7,17.53,3.53,90,Kalimantan Tengah
2026-05-30,31.5,23.2,9.2,9.2,13.6,20.11,4.11,88,Kalimantan Tengah
2026-05-31,30.7,23.9,9.2,9.2,6.1,18.33,3.69,91,Kalimantan Tengah
2026-06-01,32.2,23.3,10.3,10.3,8.8,21.13,4.32,86,Kalimantan Tengah
2026-06-02,28.1,23.8,2.7,2.7,8.8,11.08,2.28,91,Kalimantan Tengah
2026-06-03,31.3,24.0,7.1,7.1,8.1,17.5,3.62,87,Kalimantan Tengah
2026-06-04,31.8,23.9,5.2,5.2,15.1,18.12,3.73,89,Kalimantan Tengah
2026-06-05,32.0,23.6,0.6,0.6,10.4,21.04,4.39,86,Kalimantan Tengah
2026-06-06,32.4,24.2,3.3,3.3,11.3,20.89,4.32,85,Kalimantan Tengah
2026-06-07,31.4,23.2,16.9,16.9,9.0,16.66,3.35,92,Kalimantan Tengah
2026-06-08,29.6,23.4,41.2,41.2,8.8,13.05,2.53,96,Kalimantan Tengah
2026-06-09,30.7,23.2,2.1,2.1,5.9,19.38,3.92,87,Kalimantan Tengah
2026-06-10,30.1,23.1,7.0,7.0,8.6,17.15,3.41,90,Kalimantan Tengah
2026-06-11,29.4,22.9,18.9,18.9,10.5,17.16,3.34,93,Kalimantan Tengah
2026-06-12,29.7,22.6,24.1,24.1,9.0,17.43,3.49,92,Kalimantan Tengah
2026-06-13,30.9,22.3,0.5,0.5,10.0,20.71,4.21,85,Kalimantan Tengah
2026-06-14,31.0,22.9,9.5,9.5,10.6,12.12,2.62,86,Kalimantan Tengah
2026-06-15,31.8,24.2,1.3,1.3,10.9,20.51,4.39,80,Kalimantan Tengah
2026-06-16,27.6,23.1,30.7,30.7,7.8,14.21,2.72,96,Kalimantan Tengah
2026-06-17,30.4,23.3,4.9,4.9,7.9,19.32,3.79,90,Kalimantan Tengah
2026-06-18,30.9,22.6,12.0,12.0,9.9,19.44,3.9,89,Kalimantan Tengah
2026-06-19,30.9,22.9,5.3,5.3,8.5,19.16,3.83,90,Kalimantan Tengah
2026-06-20,30.8,22.7,1.9,1.9,9.1,19.86,3.98,88,Kalimantan Tengah
2026-06-21,31.0,22.4,18.7,18.7,8.8,19.18,3.91,87,Kalimantan Tengah
2026-06-22,31.4,23.4,1.2,1.2,7.7,21.1,4.4,79,Kalimantan Tengah
2026-06-23,31.0,23.3,0.5,0.5,8.4,18.44,3.91,79,Kalimantan Tengah
2026-06-24,31.4,24.0,0.3,0.3,8.6,20.42,4.32,79,Kalimantan Tengah
2026-06-25,31.5,22.4,7.6,7.6,9.1,20.68,4.22,87,Kalimantan Tengah
2026-06-26,31.6,23.9,1.8,1.8,6.9,20.58,4.18,86,Kalimantan Tengah
2026-06-27,32.1,23.4,8.2,8.2,9.5,20.43,4.25,83,Kalimantan Tengah
2026-06-28,30.5,22.6,31.7,31.7,9.1,17.9,3.59,92,Kalimantan Tengah
2026-06-29,30.8,22.6,0.5,0.5,9.5,19.42,4.0,86,Kalimantan Tengah
2026-06-30,29.0,23.3,18.4,18.4,9.1,16.08,3.21,92,Kalimantan Tengah
2026-07-01,28.1,22.8,15.5,15.5,8.9,11.18,2.24,93,Kalimantan Tengah
2026-07-02,31.2,23.6,0.4,0.4,9.0,20.53,4.3,80,Kalimantan Tengah
2026-07-03,29.9,24.1,3.0,3.0,7.3,16.8,3.4,87,Kalimantan Tengah
2026-07-04,31.6,23.5,1.0,1.0,9.3,20.82,4.23,88,Kalimantan Tengah
2026-07-05,31.8,23.3,11.9,11.9,9.8,19.45,3.92,89,Kalimantan Tengah
2026-07-06,29.6,23.4,7.2,7.2,6.9,14.97,2.99,89,Kalimantan Tengah
2026-07-07,30.8,24.1,0.0,0.0,9.2,20.08,4.24,81,Kalimantan Tengah
2026-07-08,30.7,22.2,0.4,0.4,11.4,21.69,4.57,77,Kalimantan Tengah
2026-07-09,30.6,22.1,0.6,0.6,9.8,21.52,4.53,76,Kalimantan Tengah
2026-07-10,30.9,22.4,0.1,0.1,9.1,20.71,4.38,76,Kalimantan Tengah
2026-07-11,30.7,22.8,0.1,0.1,11.0,20.47,4.37,77,Kalimantan Tengah
2026-07-12,31.1,22.7,0.3,0.3,8.5,20.12,4.16,80,Kalimantan Tengah
2026-07-13,31.5,23.1,0.6,0.6,9.0,20.59,4.35,80,Kalimantan Tengah
2026-07-14,31.7,23.9,0.1,0.1,9.7,21.28,4.54,78,Kalimantan Tengah
2026-07-15,31.8,23.3,0.9,0.9,9.4,21.45,4.52,80,Kalimantan Tengah
2026-07-16,31.9,23.8,2.2,2.2,8.9,20.98,4.35,82,Kalimantan Tengah
2026-07-17,31.7,22.8,1.1,1.1,7.8,21.03,4.28,85,Kalimantan Tengah
2026-07-18,29.9,24.2,4.6,4.6,9.3,14.89,3.06,87,Kalimantan Tengah
2026-07-19,30.9,22.8,1.5,1.5,9.1,21.08,4.37,81,Kalimantan Tengah
2026-07-20,31.0,22.5,0.0,0.0,10.4,21.75,4.49,79,Kalimantan Tengah
2026-07-21,31.1,22.6,0.2,0.2,8.8,19.12,4.08,79,Kalimantan Tengah
2026-07-22,31.4,23.0,2.2,2.2,9.2,21.54,4.53,79,Kalimantan Tengah
2026-07-23,30.2,23.3,1.5,1.5,9.5,19.09,3.84,85,Kalimantan Tengah
2026-07-24,30.2,22.0,0.1,0.1,11.4,19.0,4.01,79,Kalimantan Tengah
2026-07-25,30.0,22.6,0.6,0.6,11.0,19.3,4.05,78,Kalimantan Tengah
2026-07-26,31.0,22.3,0.9,0.9,10.8,21.29,4.5,78,Kalimantan Tengah
2026-07-27,31.0,23.5,4.0,4.0,7.9,19.21,3.94,85,Kalimantan Tengah
2026-07-28,31.0,22.7,17.1,17.1,9.4,19.81,3.87,92,Kalimantan Tengah
2026-07-29,30.3,22.7,15.6,15.6,7.7,18.76,3.71,91,Kalimantan Tengah
2026-07-30,30.6,23.2,2.0,2.0,8.2,20.23,4.05,88,Kalimantan Tengah
2026-07-31,31.0,23.6,1.6,1.6,8.6,20.29,4.11,87,Kalimantan Tengah
2026-08-01,30.4,22.5,6.5,6.5,9.6,18.94,3.77,89,Kalimantan Tengah
2026-08-02,32.0,23.5,0.7,0.7,10.0,21.24,4.5,82,Kalimantan Tengah
2026-08-03,31.8,23.2,0.4,0.4,11.6,21.54,4.56,79,Kalimantan Tengah
2026-08-04,31.9,23.1,0.1,0.1,9.3,20.92,4.45,79,Kalimantan Tengah
2026-08-05,30.6,21.6,0.0,0.0,8.2,22.01,4.46,79,Kalimantan Tengah
2026-08-06,31.2,21.7,0.6,0.6,9.8,20.93,4.3,81,Kalimantan Tengah
2026-08-07,31.2,22.2,0.7,0.7,10.2,22.09,4.6,80,Kalimantan Tengah
2026-08-08,31.0,20.4,0.0,0.0,11.4,23.8,4.84,79,Kalimantan Tengah
2026-08-09,31.0,21.1,0.3,0.3,9.9,17.9,3.73,82,Kalimantan Tengah
2026-08-10,31.3,21.5,0.2,0.2,11.8,21.38,4.44,78,Kalimantan Tengah
2026-08-11,30.8,21.1,0.4,0.4,10.4,18.13,3.75,82,Kalimantan Tengah
2026-08-12,30.6,21.7,0.0,0.0,9.6,17.15,3.53,81,Kalimantan Tengah
2026-08-13,31.2,22.9,0.3,0.3,9.9,16.79,3.57,81,Kalimantan Tengah
2026-08-14,31.4,23.5,2.9,2.9,10.3,20.71,4.28,86,Kalimantan Tengah
2026-08-15,31.0,23.6,2.0,2.0,7.2,19.6,3.98,87,Kalimantan Tengah
2026-08-16,31.8,22.6,0.5,0.5,8.9,22.21,4.62,81,Kalimantan Tengah
2026-08-17,32.3,22.8,0.0,0.0,10.1,22.71,4.88,79,Kalimantan Tengah
2026-08-18,32.2,21.9,0.0,0.0,8.7,22.54,4.71,79,Kalimantan Tengah
2026-08-19,32.2,23.1,0.0,0.0,10.5,22.19,4.67,81,Kalimantan Tengah
2026-08-20,31.3,22.3,0.9,0.9,9.3,21.21,4.42,80,Kalimantan Tengah
2026-08-21,31.3,21.8,0.0,0.0,10.9,22.14,4.61,79,Kalimantan Tengah
2026-08-22,31.7,22.4,0.1,0.1,9.1,20.75,4.33,81,Kalimantan Tengah
2026-08-23,31.3,22.9,0.9,0.9,11.2,19.4,4.19,80,Kalimantan Tengah
2026-08-24,31.1,23.5,1.5,1.5,9.4,19.19,4.05,83,Kalimantan Tengah
2026-08-25,31.3,22.6,1.1,1.1,11.0,20.92,4.36,81,Kalimantan Tengah
2026-08-26,31.5,22.0,0.2,0.2,8.5,22.97,4.73,80,Kalimantan Tengah
2026-08-27,32.1,22.7,0.1,0.1,11.5,21.82,4.76,77,Kalimantan Tengah
2026-08-28,31.8,21.4,0.0,0.0,10.2,23.53,4.94,75,Kalimantan Tengah
2026-08-29,31.6,21.5,0.0,0.0,12.2,23.24,4.83,77,Kalimantan Tengah
2026-08-30,31.9,21.8,0.0,0.0,11.5,21.82,4.61,77,Kalimantan Tengah
2026-01-01,27.9,23.2,7.1,7.1,11.1,11.28,2.26,93,Kalimantan Barat
2026-01-02,31.4,22.8,2.1,2.1,11.9,21.57,4.28,87,Kalimantan Barat
2026-01-03,29.8,23.4,16.1,16.1,11.8,15.58,3.07,94,Kalimantan Barat
2026-01-04,30.4,23.2,15.9,15.9,8.7,16.96,3.3,92,Kalimantan Barat
2026-01-05,31.3,23.6,5.5,5.5,11.7,19.88,4.0,88,Kalimantan Barat
2026-01-06,31.0,22.9,7.8,7.8,9.4,17.63,3.56,92,Kalimantan Barat
2026-01-07,31.4,23.9,3.7,3.7,10.7,18.83,3.87,86,Kalimantan Barat
2026-01-08,28.9,23.2,26.5,26.5,15.6,13.47,2.65,94,Kalimantan Barat
2026-01-09,29.1,22.8,10.6,10.6,12.4,14.57,2.87,93,Kalimantan Barat
2026-01-10,29.7,22.8,9.6,9.6,16.9,16.29,3.12,92,Kalimantan Barat
2026-01-11,29.7,22.6,5.3,5.3,12.8,18.6,3.59,91,Kalimantan Barat
2026-01-12,30.3,22.8,0.1,0.1,14.7,20.33,4.24,83,Kalimantan Barat
2026-01-13,30.9,23.5,1.3,1.3,15.1,20.68,4.33,84,Kalimantan Barat
2026-01-14,31.0,23.4,0.2,0.2,12.8,20.75,4.38,83,Kalimantan Barat
2026-01-15,30.0,23.1,0.3,0.3,10.5,15.71,3.37,85,Kalimantan Barat
2026-01-16,31.4,22.2,0.5,0.5,11.8,24.15,4.92,83,Kalimantan Barat
2026-01-17,31.7,21.9,0.0,0.0,11.6,23.61,4.98,79,Kalimantan Barat
2026-01-18,31.0,21.3,0.0,0.0,9.9,24.01,4.88,82,Kalimantan Barat
2026-01-19,31.4,21.7,0.0,0.0,11.7,23.3,4.81,82,Kalimantan Barat
2026-01-20,31.3,21.5,0.0,0.0,10.2,23.87,4.92,82,Kalimantan Barat
2026-01-21,30.6,21.0,0.6,0.6,12.1,21.93,4.59,80,Kalimantan Barat
2026-01-22,30.8,21.8,0.0,0.0,13.6,23.25,4.95,79,Kalimantan Barat
2026-01-23,31.2,21.5,0.0,0.0,12.7,24.38,5.1,80,Kalimantan Barat
2026-01-24,31.5,22.5,0.1,0.1,12.2,23.23,4.86,82,Kalimantan Barat
2026-01-25,30.9,22.2,5.0,5.0,12.0,21.48,4.4,85,Kalimantan Barat
2026-01-26,32.1,22.5,0.6,0.6,10.8,22.35,4.69,82,Kalimantan Barat
2026-01-27,31.9,22.7,0.0,0.0,11.1,21.33,4.6,81,Kalimantan Barat
2026-01-28,31.9,23.3,0.3,0.3,9.4,23.3,4.94,81,Kalimantan Barat
2026-01-29,32.9,23.3,0.3,0.3,11.6,23.99,5.03,82,Kalimantan Barat
2026-01-30,33.0,23.1,5.7,5.7,12.0,23.67,5.09,80,Kalimantan Barat
2026-01-31,32.2,23.6,1.6,1.6,13.6,17.02,3.69,85,Kalimantan Barat
2026-02-01,32.2,23.9,1.3,1.3,12.8,20.29,4.19,87,Kalimantan Barat
2026-02-02,29.6,23.3,2.6,2.6,14.0,15.34,3.17,88,Kalimantan Barat
2026-02-03,30.8,23.0,7.1,7.1,11.9,18.67,3.69,90,Kalimantan Barat
2026-02-04,25.9,22.8,17.6,17.6,8.8,9.28,1.76,97,Kalimantan Barat
2026-02-05,31.7,23.4,1.3,1.3,12.9,21.65,4.31,89,Kalimantan Barat
2026-02-06,28.1,23.4,6.1,6.1,12.1,14.4,2.75,94,Kalimantan Barat
2026-02-07,31.1,22.7,0.2,0.2,9.4,23.57,4.73,86,Kalimantan Barat
2026-02-08,31.9,22.9,0.1,0.1,11.4,24.83,5.15,81,Kalimantan Barat
2026-02-09,31.4,22.2,0.0,0.0,10.7,21.83,4.64,79,Kalimantan Barat
2026-02-10,29.0,22.8,0.2,0.2,10.1,13.62,2.97,83,Kalimantan Barat
2026-02-11,31.9,23.3,0.0,0.0,9.2,20.52,4.45,80,Kalimantan Barat
2026-02-12,32.2,23.6,10.7,10.7,10.9,20.48,4.33,85,Kalimantan Barat
2026-02-13,26.6,23.5,5.4,5.4,11.6,6.54,1.35,96,Kalimantan Barat
2026-02-14,33.2,23.7,1.9,1.9,10.3,21.85,4.51,86,Kalimantan Barat
2026-02-15,31.6,23.5,3.2,3.2,8.3,19.87,4.0,90,Kalimantan Barat
2026-02-16,32.7,23.4,1.0,1.0,6.9,20.54,4.31,85,Kalimantan Barat
2026-02-17,31.5,23.1,30.6,30.6,9.9,16.97,3.36,93,Kalimantan Barat
2026-02-18,27.0,23.0,24.2,24.2,10.8,8.61,1.7,97,Kalimantan Barat
2026-02-19,29.8,23.2,17.1,17.1,11.4,12.42,2.54,93,Kalimantan Barat
2026-02-20,29.7,22.6,9.8,9.8,10.3,17.24,3.35,94,Kalimantan Barat
2026-02-21,29.8,23.2,1.4,1.4,9.9,16.04,3.3,89,Kalimantan Barat
2026-02-22,31.6,23.5,0.5,0.5,8.6,19.52,4.12,85,Kalimantan Barat
2026-02-23,30.1,23.6,13.8,13.8,16.0,16.87,3.23,93,Kalimantan Barat
2026-02-24,28.6,23.6,16.0,16.0,8.6,13.12,2.52,97,Kalimantan Barat
2026-02-25,32.1,23.6,4.6,4.6,10.8,21.29,4.45,87,Kalimantan Barat
2026-02-26,32.8,23.4,1.3,1.3,11.0,21.18,4.38,87,Kalimantan Barat
2026-02-27,31.4,22.9,0.8,0.8,14.1,22.57,4.72,83,Kalimantan Barat
2026-02-28,32.4,22.9,0.0,0.0,12.2,25.26,5.43,79,Kalimantan Barat
2026-03-01,33.4,23.7,0.0,0.0,11.5,24.91,5.46,78,Kalimantan Barat
2026-03-02,33.9,24.5,0.0,0.0,11.8,23.63,5.32,78,Kalimantan Barat
2026-03-03,33.3,23.9,1.1,1.1,11.8,20.67,4.4,83,Kalimantan Barat
2026-03-04,32.1,24.2,0.4,0.4,11.9,22.47,4.96,79,Kalimantan Barat
2026-03-05,32.6,24.1,3.1,3.1,12.1,21.73,4.52,85,Kalimantan Barat
2026-03-06,31.6,23.2,3.9,3.9,12.8,21.3,4.53,83,Kalimantan Barat
2026-03-07,32.0,23.7,7.8,7.8,15.5,20.56,4.2,87,Kalimantan Barat
2026-03-08,32.2,23.0,0.8,0.8,11.4,23.28,4.8,85,Kalimantan Barat
2026-03-09,31.1,23.2,11.7,11.7,7.7,18.76,3.78,91,Kalimantan Barat
2026-03-10,28.7,22.9,3.5,3.5,9.0,13.71,2.71,94,Kalimantan Barat
2026-03-11,31.1,22.6,5.2,5.2,11.5,20.79,4.12,91,Kalimantan Barat
2026-03-12,32.0,23.0,1.5,1.5,10.5,23.63,4.9,83,Kalimantan Barat
2026-03-13,33.2,22.3,0.0,0.0,9.7,26.02,5.5,79,Kalimantan Barat
2026-03-14,33.1,23.1,0.0,0.0,8.8,25.17,5.28,80,Kalimantan Barat
2026-03-15,32.3,23.9,0.8,0.8,11.6,22.37,4.6,86,Kalimantan Barat
2026-03-16,32.3,22.8,2.9,2.9,10.4,22.22,4.59,85,Kalimantan Barat
2026-03-17,32.5,22.3,12.1,12.1,9.3,19.63,3.92,91,Kalimantan Barat
2026-03-18,32.2,23.1,17.0,17.0,8.3,22.48,4.56,89,Kalimantan Barat
2026-03-19,32.1,23.4,1.2,1.2,7.9,22.61,4.64,86,Kalimantan Barat
2026-03-20,32.1,23.4,0.1,0.1,9.4,22.91,4.79,84,Kalimantan Barat
2026-03-21,33.2,23.5,0.0,0.0,10.3,25.15,5.47,78,Kalimantan Barat
2026-03-22,32.7,23.3,0.1,0.1,11.8,24.21,5.27,77,Kalimantan Barat
2026-03-23,32.4,22.8,0.1,0.1,9.4,23.95,5.12,78,Kalimantan Barat
2026-03-24,32.8,22.9,0.4,0.4,10.1,24.06,5.11,77,Kalimantan Barat
2026-03-25,33.5,22.9,0.5,0.5,11.7,24.79,5.53,75,Kalimantan Barat
2026-03-26,34.4,23.2,0.4,0.4,12.1,24.61,5.43,77,Kalimantan Barat
2026-03-27,33.8,23.4,0.5,0.5,8.9,21.76,4.68,80,Kalimantan Barat
2026-03-28,35.0,23.4,3.9,3.9,13.7,20.06,4.18,87,Kalimantan Barat
2026-03-29,29.7,22.6,11.5,11.5,8.1,15.42,3.07,94,Kalimantan Barat
2026-03-30,29.6,23.2,19.2,19.2,11.6,14.41,2.89,94,Kalimantan Barat
2026-03-31,32.5,22.7,2.4,2.4,9.4,19.86,4.15,87,Kalimantan Barat
2026-04-01,32.6,23.5,4.6,4.6,9.4,22.95,4.74,87,Kalimantan Barat
2026-04-02,30.7,23.9,9.6,9.6,6.7,17.07,3.43,93,Kalimantan Barat
2026-04-03,32.7,22.7,0.1,0.1,6.9,24.48,5.04,84,Kalimantan Barat
2026-04-04,31.6,23.9,12.3,12.3,10.8,19.12,3.83,92,Kalimantan Barat
2026-04-05,31.9,23.3,6.7,6.7,7.2,19.44,3.99,90,Kalimantan Barat
2026-04-06,31.5,22.8,2.2,2.2,13.7,20.47,4.04,92,Kalimantan Barat
2026-04-07,31.4,23.3,7.3,7.3,13.2,20.21,4.17,87,Kalimantan Barat
2026-04-08,30.4,23.5,9.8,9.8,8.3,18.98,3.8,93,Kalimantan Barat
2026-04-09,33.3,22.8,3.5,3.5,8.3,23.43,4.78,88,Kalimantan Barat
2026-04-10,29.3,24.1,11.8,11.8,10.3,13.48,2.7,92,Kalimantan Barat
2026-04-11,33.2,23.1,3.9,3.9,8.7,23.64,4.83,89,Kalimantan Barat
2026-04-12,31.2,23.8,5.0,5.0,11.0,20.07,3.97,90,Kalimantan Barat
2026-04-13,33.3,23.7,0.3,0.3,11.6,22.87,4.81,84,Kalimantan Barat
2026-04-14,32.2,23.6,8.5,8.5,9.3,19.07,3.75,93,Kalimantan Barat
2026-04-15,30.9,23.6,22.9,22.9,12.6,15.59,3.16,93,Kalimantan Barat
2026-04-16,31.9,23.2,24.8,24.8,7.0,19.15,3.83,93,Kalimantan Barat
2026-04-17,31.9,23.1,11.4,11.4,8.7,21.1,4.28,91,Kalimantan Barat
2026-04-18,31.3,23.4,20.3,20.3,10.5,20.74,4.12,91,Kalimantan Barat
2026-04-19,32.4,23.1,3.6,3.6,11.1,22.25,4.47,90,Kalimantan Barat
2026-04-20,32.4,23.5,1.5,1.5,6.5,23.04,4.7,89,Kalimantan Barat
2026-04-21,30.4,23.8,10.3,10.3,8.8,16.99,3.42,92,Kalimantan Barat
2026-04-22,31.8,23.5,5.0,5.0,7.3,18.89,3.87,91,Kalimantan Barat
2026-04-23,32.0,24.3,1.6,1.6,7.1,21.28,4.37,90,Kalimantan Barat
2026-04-24,31.8,24.2,3.8,3.8,8.3,20.69,4.23,90,Kalimantan Barat
2026-04-25,28.5,22.9,34.9,34.9,8.5,11.09,2.19,97,Kalimantan Barat
2026-04-26,32.3,23.1,1.8,1.8,9.1,21.53,4.39,89,Kalimantan Barat
2026-04-27,31.4,23.5,19.2,19.2,8.3,16.7,3.32,94,Kalimantan Barat
2026-04-28,32.6,23.5,1.1,1.1,8.5,21.5,4.45,88,Kalimantan Barat
2026-04-29,31.5,23.9,4.4,4.4,10.7,19.13,3.88,91,Kalimantan Barat
2026-04-30,31.7,23.3,15.0,15.0,5.7,18.91,3.85,92,Kalimantan Barat
2026-05-01,30.7,23.3,7.2,7.2,12.3,13.78,2.83,90,Kalimantan Barat
2026-05-02,29.4,23.8,15.7,15.7,7.1,10.82,2.18,93,Kalimantan Barat
2026-05-03,32.1,22.4,0.4,0.4,7.3,21.84,4.49,86,Kalimantan Barat
2026-05-04,28.0,23.9,30.6,30.6,7.8,13.39,2.61,96,Kalimantan Barat
2026-05-05,32.5,23.8,2.7,2.7,7.9,21.84,4.5,85,Kalimantan Barat
2026-05-06,32.6,23.7,18.9,18.9,10.7,20.25,4.14,90,Kalimantan Barat
2026-05-07,31.3,24.0,6.6,6.6,8.7,17.96,3.66,91,Kalimantan Barat
2026-05-08,28.2,24.0,31.5,31.5,5.7,15.48,3.03,97,Kalimantan Barat
2026-05-09,28.4,23.6,15.5,15.5,13.1,10.88,2.14,94,Kalimantan Barat
2026-05-10,32.3,24.1,3.1,3.1,11.2,20.75,4.29,84,Kalimantan Barat
2026-05-11,31.5,24.2,4.0,4.0,6.9,18.46,3.76,93,Kalimantan Barat
2026-05-12,28.2,23.9,1.6,1.6,8.2,12.88,2.51,95,Kalimantan Barat
2026-05-13,32.6,23.0,15.3,15.3,14.3,18.48,3.77,89,Kalimantan Barat
2026-05-14,32.3,24.0,19.9,19.9,13.4,20.35,4.09,92,Kalimantan Barat
2026-05-15,31.5,24.3,20.6,20.6,6.7,19.3,3.9,92,Kalimantan Barat
2026-05-16,30.6,23.7,23.5,23.5,11.5,18.12,3.48,94,Kalimantan Barat
2026-05-17,28.0,23.9,14.0,14.0,7.4,11.13,2.19,97,Kalimantan Barat
2026-05-18,31.3,23.9,6.1,6.1,12.2,20.44,4.07,92,Kalimantan Barat
2026-05-19,32.8,24.3,0.0,0.0,7.0,22.69,4.69,85,Kalimantan Barat
2026-05-20,34.2,24.7,3.2,3.2,6.4,21.6,4.52,85,Kalimantan Barat
2026-05-21,32.9,24.6,6.4,6.4,10.9,20.2,4.07,91,Kalimantan Barat
2026-05-22,27.3,23.6,22.8,22.8,6.8,12.51,2.42,99,Kalimantan Barat
2026-05-23,33.2,23.9,7.3,7.3,7.1,20.25,4.12,90,Kalimantan Barat
2026-05-24,29.7,23.3,7.0,7.0,5.6,16.31,3.17,97,Kalimantan Barat
2026-05-25,30.2,23.7,16.4,16.4,12.4,16.87,3.29,95,Kalimantan Barat
2026-05-26,31.7,23.8,5.3,5.3,7.3,18.5,3.73,92,Kalimantan Barat
2026-05-27,31.9,24.1,9.4,9.4,6.5,12.45,2.49,96,Kalimantan Barat
2026-05-28,32.0,23.4,0.4,0.4,10.6,21.33,4.45,86,Kalimantan Barat
2026-05-29,31.2,23.7,3.2,3.2,10.2,19.46,3.96,87,Kalimantan Barat
2026-05-30,32.5,24.3,2.8,2.8,11.2,18.86,3.83,90,Kalimantan Barat
2026-05-31,31.8,23.9,0.9,0.9,6.3,20.02,4.15,86,Kalimantan Barat
2026-06-01,33.3,23.3,0.6,0.6,8.8,21.51,4.49,84,Kalimantan Barat
2026-06-02,33.0,24.5,1.6,1.6,9.3,20.7,4.29,87,Kalimantan Barat
2026-06-03,33.6,24.6,0.5,0.5,12.8,20.89,4.4,85,Kalimantan Barat
2026-06-04,33.3,24.1,2.5,2.5,9.4,21.23,4.56,82,Kalimantan Barat
2026-06-05,33.0,24.0,2.4,2.4,10.7,20.82,4.39,86,Kalimantan Barat
2026-06-06,33.7,24.2,8.0,8.0,9.8,21.25,4.42,88,Kalimantan Barat
2026-06-07,30.8,23.8,15.6,15.6,9.5,18.44,3.65,93,Kalimantan Barat
2026-06-08,28.1,23.6,3.1,3.1,9.4,11.08,2.17,94,Kalimantan Barat
2026-06-09,32.3,23.9,0.8,0.8,8.9,21.25,4.32,86,Kalimantan Barat
2026-06-10,31.7,23.5,8.3,8.3,11.7,18.9,3.75,90,Kalimantan Barat
2026-06-11,30.5,24.0,15.7,15.7,6.5,15.41,3.04,95,Kalimantan Barat
2026-06-12,29.6,23.4,2.2,2.2,7.5,12.38,2.56,92,Kalimantan Barat
2026-06-13,31.8,22.7,0.5,0.5,7.8,19.75,4.03,83,Kalimantan Barat
2026-06-14,29.9,23.8,0.0,0.0,10.7,11.31,2.42,88,Kalimantan Barat
2026-06-15,32.8,23.3,13.2,13.2,9.4,20.54,4.23,88,Kalimantan Barat
2026-06-16,26.9,23.1,17.9,17.9,8.4,11.1,2.11,97,Kalimantan Barat
2026-06-17,31.9,23.0,5.5,5.5,7.8,21.99,4.46,85,Kalimantan Barat
2026-06-18,31.4,23.1,18.5,18.5,9.5,18.4,3.72,90,Kalimantan Barat
2026-06-19,31.5,23.4,1.3,1.3,8.4,20.04,4.07,89,Kalimantan Barat
2026-06-20,32.4,23.0,6.4,6.4,8.3,20.72,4.23,89,Kalimantan Barat
2026-06-21,30.2,23.0,0.6,0.6,10.3,14.51,2.93,89,Kalimantan Barat
2026-06-22,32.2,22.1,0.1,0.1,5.6,21.97,4.56,80,Kalimantan Barat
2026-06-23,32.4,23.3,0.0,0.0,8.5,20.64,4.37,82,Kalimantan Barat
2026-06-24,32.8,23.3,0.0,0.0,7.3,22.21,4.68,79,Kalimantan Barat
2026-06-25,32.9,24.2,0.3,0.3,10.4,21.23,4.62,78,Kalimantan Barat
2026-06-26,32.8,23.8,0.1,0.1,11.1,21.75,4.55,82,Kalimantan Barat
2026-06-27,32.8,23.8,4.8,4.8,11.9,20.51,4.21,87,Kalimantan Barat
2026-06-28,26.5,23.8,24.5,24.5,6.8,8.98,1.73,98,Kalimantan Barat
2026-06-29,32.1,23.8,4.1,4.1,12.5,19.55,3.93,91,Kalimantan Barat
2026-06-30,31.2,23.7,1.8,1.8,10.6,19.9,4.03,87,Kalimantan Barat
2026-07-01,31.1,23.6,1.6,1.6,8.6,18.28,3.75,87,Kalimantan Barat
2026-07-02,31.9,22.5,0.0,0.0,9.6,21.52,4.59,79,Kalimantan Barat
2026-07-03,32.5,23.0,0.0,0.0,10.0,21.29,4.55,80,Kalimantan Barat
2026-07-04,32.7,24.4,0.2,0.2,10.1,21.36,4.5,81,Kalimantan Barat
2026-07-05,32.5,24.2,2.2,2.2,9.2,21.08,4.44,82,Kalimantan Barat
2026-07-06,30.2,23.2,10.1,10.1,11.0,17.33,3.52,88,Kalimantan Barat
2026-07-07,32.2,24.5,0.8,0.8,11.4,20.94,4.53,80,Kalimantan Barat
2026-07-08,32.5,23.4,0.0,0.0,11.7,21.65,4.66,79,Kalimantan Barat
2026-07-09,32.0,22.9,0.1,0.1,11.6,22.13,4.91,75,Kalimantan Barat
2026-07-10,32.3,22.2,0.0,0.0,12.3,22.42,5.11,70,Kalimantan Barat
2026-07-11,32.4,22.9,0.0,0.0,11.7,21.63,4.92,74,Kalimantan Barat
2026-07-12,32.6,23.2,0.0,0.0,10.3,21.66,4.77,75,Kalimantan Barat
2026-07-13,33.1,23.7,0.0,0.0,11.0,21.63,4.7,78,Kalimantan Barat
2026-07-14,33.6,24.4,0.6,0.6,11.3,22.0,4.68,80,Kalimantan Barat
2026-07-15,33.4,24.5,0.4,0.4,10.6,22.02,4.72,82,Kalimantan Barat
2026-07-16,30.6,22.6,6.3,6.3,13.5,18.11,3.63,89,Kalimantan Barat
2026-07-17,32.4,24.2,0.6,0.6,9.0,20.25,4.32,82,Kalimantan Barat
2026-07-18,32.8,23.8,0.5,0.5,8.7,21.99,4.64,79,Kalimantan Barat
2026-07-19,32.8,23.7,0.2,0.2,11.6,21.45,4.7,78,Kalimantan Barat
2026-07-20,33.5,22.9,0.0,0.0,8.0,22.83,4.86,76,Kalimantan Barat
2026-07-21,32.5,23.7,0.2,0.2,8.4,19.01,4.09,79,Kalimantan Barat
2026-07-22,33.2,23.0,0.6,0.6,12.1,22.13,4.79,78,Kalimantan Barat
2026-07-23,33.0,23.1,0.2,0.2,10.8,22.44,4.98,76,Kalimantan Barat
2026-07-24,32.7,23.2,0.0,0.0,13.3,20.71,4.82,73,Kalimantan Barat
2026-07-25,32.4,23.4,0.0,0.0,14.6,22.1,4.93,74,Kalimantan Barat
2026-07-26,33.1,23.0,0.0,0.0,11.6,20.22,4.68,74,Kalimantan Barat
2026-07-27,32.1,23.9,0.0,0.0,10.8,14.15,3.3,78,Kalimantan Barat
2026-07-28,34.0,24.1,1.0,1.0,8.0,21.29,4.54,83,Kalimantan Barat
2026-07-29,33.0,24.5,4.6,4.6,10.8,18.86,3.97,88,Kalimantan Barat
2026-07-30,33.3,23.8,1.1,1.1,12.0,20.52,4.32,84,Kalimantan Barat
2026-07-31,34.0,24.2,4.0,4.0,10.9,18.87,3.97,88,Kalimantan Barat
2026-08-01,32.7,23.0,1.9,1.9,13.1,21.37,4.6,81,Kalimantan Barat
2026-08-02,34.2,23.6,6.7,6.7,9.6,21.52,4.75,79,Kalimantan Barat
2026-08-03,34.8,24.7,0.5,0.5,10.8,22.0,4.97,75,Kalimantan Barat
2026-08-04,35.4,23.8,0.5,0.5,10.2,22.62,5.19,73,Kalimantan Barat
2026-08-05,34.8,23.4,0.0,0.0,9.8,22.69,5.33,67,Kalimantan Barat
2026-08-06,34.9,23.6,0.4,0.4,9.4,22.6,5.19,70,Kalimantan Barat
2026-08-07,35.1,23.9,0.0,0.0,11.5,22.81,5.35,70,Kalimantan Barat
2026-08-08,34.7,23.1,0.0,0.0,12.6,23.88,5.81,66,Kalimantan Barat
2026-08-09,34.5,22.4,0.0,0.0,13.8,22.88,5.35,66,Kalimantan Barat
2026-08-10,34.8,23.0,0.0,0.0,10.1,23.64,5.5,68,Kalimantan Barat
2026-08-11,34.2,23.0,0.0,0.0,9.7,22.8,4.92,74,Kalimantan Barat
2026-08-12,34.1,23.0,0.3,0.3,9.7,22.08,4.87,74,Kalimantan Barat
2026-08-13,34.0,24.3,0.5,0.5,9.7,20.41,4.54,76,Kalimantan Barat
2026-08-14,34.5,24.3,2.7,2.7,10.2,20.58,4.57,78,Kalimantan Barat
2026-08-15,34.5,24.0,0.9,0.9,12.8,21.18,4.64,79,Kalimantan Barat
2026-08-16,35.1,24.1,2.3,2.3,11.0,21.38,4.71,80,Kalimantan Barat
2026-08-17,34.1,22.8,12.4,12.4,10.7,21.08,4.39,87,Kalimantan Barat
2026-08-18,34.9,22.9,0.0,0.0,12.6,22.72,5.12,75,Kalimantan Barat
2026-08-19,34.6,23.8,0.0,0.0,9.7,22.09,4.93,76,Kalimantan Barat
2026-08-20,34.4,23.9,0.2,0.2,10.0,22.45,5.15,72,Kalimantan Barat
2026-08-21,35.0,22.9,0.0,0.0,12.5,23.93,5.48,73,Kalimantan Barat
2026-08-22,34.5,23.4,0.1,0.1,12.1,22.39,5.14,74,Kalimantan Barat
2026-08-23,34.0,24.3,0.9,0.9,12.6,20.94,4.85,75,Kalimantan Barat
2026-08-24,34.0,24.0,0.2,0.2,10.9,22.4,5.15,74,Kalimantan Barat
2026-08-25,34.8,23.9,2.3,2.3,9.0,22.58,4.95,80,Kalimantan Barat
2026-08-26,34.6,23.6,1.5,1.5,10.3,20.35,4.33,84,Kalimantan Barat
2026-08-27,33.1,23.8,2.3,2.3,11.9,18.78,3.99,86,Kalimantan Barat
2026-08-28,35.2,22.9,0.0,0.0,13.2,23.67,5.62,68,Kalimantan Barat
2026-08-29,35.6,22.9,0.0,0.0,10.3,23.3,5.67,65,Kalimantan Barat
2026-08-30,35.7,23.1,0.0,0.0,10.8,23.45,5.62,66,Kalimantan Barat
